Passwords;;
AirPort;xiaobaojian;833558116
;bundleSeedID;
;com.tencent.msfsdk.keychain0902.type.imei;090CA425-7169-4CE2-A602-111B2A53692D||name=‚ÄúAdministrator‚ÄùÁöÑ iPhone|version=7.0.4|appName=QQ|appVersion=4.5.0.146|time=2014:01:08-14:20:42
;MyPassWordState;0
;PassWordSet;0
;autoLockScreen;1
;firstUsePass;1
ppstream&IOS;pps_openUDID;006f13eb87e6d8b62ec2efb825b40c5cc5ff57f3
com.apple.account.IdentityServices.token;6A979ADF-F82D-4366-AEF1-9B66474BE492;V1MHKW0014706e0f53ea1b4aa5a43b421ce923dd960cVKZZDd913ec25c24fb9667367c001b7570ebb3898a13dfccfd8c6d2cc6fac615a2062a247d74097919f2a7f46ba03ab3c616f86564abb63d533b9781c08d6716dbbfa546fbdd0896cb849295853a1472596012d4a745565db02bc7c4a60d2befb0c46d465f708b0731fd590a6d0e6e9e9aad4d382f82628107726d197045f27b15dc4ed9d859dcc25929917477ee09d416d756547d81ed7053aa078a3e7312ee0e4622017986d3722d0727416218b7658b3bbfd252f1e6430ddebf2e24e9c499451b889e1777c2faad54fca7dcd2aabb6add6aa737f4c0727977154a9122525efd2dcf7a8a904c4896c4c043903b81b69ebeaeb2873e32d3f24d7916bff9451bc55fe02f91497cfc7e01f7889ebf8e3e866358376d94aa6794ea112f6e5fc39aa3f7109df1649f4e2a4296624745f1c283383d44f4da2773d4f3446d3b5387d3c973f7c8c9294da3f8bb9652876216ceba5b6004c779ce5455c273e130199e1ac22641d6424a549bbb875c17b0b96ca86d785420f9a6a84f4ea6bef81f195d6cae8e97d95e86ff5248b1dbd1121bb6458a9e287046a186ba8d2bfb018f2e2688018c4aa3cdb933496d4de16c19d14de6310c58060d188870eaf9bce4a0d2cd645173b50a661a85d5ea0c962c473b308b5f050bfe79b6c7957b192edadca58d425618c1f6d996b4457ee12979fd120ec264d4bf456692d2261f55c105cf2f7e31298e20ab8c66280adb91b3c57200e0fdd3bf032f2d0d8fbe6b3ac8d9a2498fc928ad334ce9661e632d0cb4787e74688a1597e1d4cc654f4046cb7a80c91d059e302ffb857cae89e39576dd8f5cbd2a6df382fb51cae6ab134dab67899ee6db41770c0ef833a889875c229337faaa97d5f1dd41dea8d23d0b871bbb545f2135e4a39f4cfd16a7c2126e906351d94574465e2f4bd81336c998109ac4e5dce7f33e0aa51acc43f06842dc06bca0a5017f9985a9b8a7f3ee5eff61f07fcba7a915ac3e8f795d14f6718d1fd203be7094355af37045346af3c9befae968094bc30ccb0150eb08053d4e92966e83f57abad718b468414dde170fff29020b6e8180e30ac832123aac87774353e13f69cb7154ae9906f01370eac5523edff2ebd4f28e818acfd560fd4ce2efaa2ee056152d2ad567770eb5bcae502966286da4d14cbabfc78c06c45a4c8545dc13cf6382ce4d0e72bf7fd2d7ad0498e3511d17cc886836527475c867e16c69872d1bd2288b4326ac87f8bc83a320b82c0a8660597ca3eebdf20f5ce4eb0fb365b058627450aab3b72caKMHZ
com.apple.account.DeviceLocator.token;6724C0B7-9EC4-4C2D-81B3-22D8A4F3394F;AQAAAABUIL7fkobIDYoIv9VJb_aH94dlAQYaNnY~
com.apple.account.AppleAccount.token;4E184456-29C5-4DF6-B776-2F0AA94C48BD;AQAAAABUIL7fwmyJXlqDsJR2/YT3HjN45kevBrk=
com.apple.account.AppleAccount.maps-token;4E184456-29C5-4DF6-B776-2F0AA94C48BD;AQAAAABUIL7fyFNc1KG0kP-7e8I_dq89cN6OsI4~
cb594892a6cb6bef6f65ad0a6e78c11190b2702c;cb594892a6cb6bef6f65ad0a6e78c11190b2702c;YnBsaXN0MDDUAQIDBAUICwxUJHRvcFgkb2JqZWN0c1gkdmVyc2lvblkkYXJjaGl2ZXLRBgdUcm9vdIABogkKVSRudWxsXxARMDI6MDA6MDA6MDA6MDA6MDASAAGGoF8QD05TS2V5ZWRBcmNoaXZlcggRFh8oMjU6PD9FWV4AAAAAAAABAQAAAAAAAAANAAAAAAAAAAAAAAAAAAAAcA==
d4e54f36d1cdfef77e8332c32cd1a04bede1897b;d4e54f36d1cdfef77e8332c32cd1a04bede1897b;YnBsaXN0MDDUAQIDBAUICwxUJHRvcFgkb2JqZWN0c1gkdmVyc2lvblkkYXJjaGl2ZXLRBgdUcm9vdIABogkKVSRudWxsXxAoM2JhZDFjZmNjNDJhNjhlN2QzODgxY2Y3NWM5YTY1NjIzZGY1ZWJlYxIAAYagXxAPTlNLZXllZEFyY2hpdmVyCBEWHygyNTo8P0VwdQAAAAAAAAEBAAAAAAAAAA0AAAAAAAAAAAAAAAAAAACH
<?xml version="1.0" encoding="UTF-8"?>
<!DOCTYPE plist PUBLIC "-//Apple//DTD PLIST 1.0//EN" "http://www.apple.com/DTDs/PropertyList-1.0.dtd">
<plist version="1.0">
<dict>
	<key>a</key>
	<data>
	YzE5NzY0MjkzNjliZmUwNjNlZDhiMzQwOWRiN2M3ZTdkODcxOTZkOQ==
	</data>
	<key>b</key>
	<data>
	Q0RFMDY4MjYtMEUyRS00RUVELTkyMzgtNEVGNTI1RUI2RTAw
	</data>
</dict>
</plist>
;;
<?xml version="1.0" encoding="UTF-8"?>
<!DOCTYPE plist PUBLIC "-//Apple//DTD PLIST 1.0//EN" "http://www.apple.com/DTDs/PropertyList-1.0.dtd">
<plist version="1.0">
<dict>
	<key>DSC</key>
	<integer>634</integer>
	<key>IDX</key>
	<data>
	NjU3NzM=
	</data>
	<key>NK</key>
	<data>
	bGVqaXVzaXNodQ==
	</data>
	<key>uid</key>
	<string>136900037</string>
</dict>
</plist>
;;
kKeyChainAuthService;kKeyChainUDID;30232068cb98eb973369739c9e1214e6127488e6
AirPort;fsyl-2014;godblessme
MoWeather;UUID;51DF6278-43D1-4551-8414-1A13A6620513
<?xml version="1.0" encoding="UTF-8"?>
<!DOCTYPE plist PUBLIC "-//Apple//DTD PLIST 1.0//EN" "http://www.apple.com/DTDs/PropertyList-1.0.dtd">
<plist version="1.0">
<dict>
	<key>c</key>
	<data>
	KgiEGNKcyIBsEF2YlpdMKhYQtmSTei8Xtx/dOLKzzhQ=
	</data>
</dict>
</plist>
;;
sec_sdk_shared;password;m_2VZz61ksgLRaknvIbZ07q4O9a-2P098DwOgX7aBwyZlbojcfGMQ22M4LfqbVs1VRWOYZ8huBb1TfsCGvMb3f7Ido8OpwOp4uUiZfv2F_GkVYFIzBtpjkZIlRb5tM8t
qbuuid;;
boohee.com.passport;boohee.com.passport.userMACAddress;BA13CFE1-1FE9-4B23-8CC6-B3ED34E6B5FA
baiduopenudid;baiduopenudid;baiduopenudid_baiduopenudid_6341068275337658368.plist
baidusdkmacaddress;baidusdkmacaddress;baidusdkmacaddress_baidusdkmacaddress_6413125869375586304.plist
;;bduss=TNuemdieVRYZnh6RUxXd2NER0NMUWdYbldTRUNTWTlxTH5DNEh4T25DaFdEZlZTQVFBQUFBJCQAAAAAAAAAAAEAAACgJmE7yvPK89KqvPW3ygAAAAAAAAAAAAAAAAAAAAAAAAAAAAAAAAAAAAAAAAAAAAAAAAAAAAAAAAAAAAAAAAAAAAAAAFaAzVJWgM1Sc&ptoken= &stoken=&uname=Èº†Èº†Ë¶ÅÂáèËÇ•&email=&uid=&displayname=&phonenum=
;;
sina_cookie;1885904584;{"uid":"1885904584","expire":1425549668,"cookie":{"sina.com.cn":"SUB=_2A25582B0DeThGedG41cY8CrJwziIHXVbbyo8rDV_PUJbr9AKLU7fkWt_I4FM9AkRpc2FTkhCBYeB9nLpMA..; path=/; domain=.sina.com.cn; httponly; expires=Friday, 03-Apr-15 14:01:08 GMT\nSUBP=0033WrSXqPxfM725Ws9jqgMF55529P9D9WFIMXaMKMkS3Bxcs5afpHR-; expires=Thursday, 03-Mar-16 14:01:08 GMT; path=/; domain=.sina.com.cn\nSUS=SID-1885904584-1425477668-XD-mh64k-9cff9801f683820e63038f685f37f1ef; path=/; domain=.sina.com.cn; httponly\nSUE=es%3D4eb30666b12daeec2ab4ceb46ac3ca18%26ev%3Dv1%26es2%3De8b869f8f4f6ce16490e8f8d44b7c641%26rs0%3DLBpp4q8x6NtUsX%252F6PwfZKLc2TBrWrOVa6a3NLvIXDhpzBCqnfSK9RkrLycGGs29LNf3Myi6O3wWjGv7xXqL40D8zXeKKfs9FofaJLIgFLtvPDUBj6WdgvCCU7vS%252FZUWwkv%252FkdE4hqgR3k12DvFBy%252FcpB1FKvXcTbJaV4%252FRcRSzA%253D%26rv%3D0;path=/;domain=.sina.com.cn;Httponly\nSUP=cv%3D1%26bt%3D1425477668%26et%3D1425564068%26d%3D40c3%26i%3D49f5%26us%3D1%26vf%3D%26vt%3D%26ac%3D%26st%3D0%26lt%3D1%26uid%3D1885904584%26user%3D254132797%2540qq.com%26ag%3D4%26name%3D254132797%2540qq.com%26nick%3D254132797%26sex%3D%26ps%3D0%26email%3D%26dob%3D%26ln%3D%26os%3D%26fmp%3D%26lcp%3D2013-07-19%252009%253A51%253A16;path=/;domain=.sina.com.cn\ngsid_CTandWM=4u6J18e51lgQsv9SGZxRy7UBO9q; path=/; domain=.sina.com.cn; httponly","sina.cn":"SUB=_2A25582B0DeThGedG41cY8CrJwziIHXVbbyo8rDV9PUJbr9AKLXTMkWtXJKwHoHjXumN61ERtmgFzZKmhQg..; path=/; domain=.sina.cn; httponly; expires=Friday, 03-Apr-15 14:01:08 GMT\nSUBP=0033WrSXqPxfM725Ws9jqgMF55529P9D9WFIMXaMKMkS3Bxcs5afpHR-; expires=Thursday, 03-Mar-16 14:01:08 GMT; path=/; domain=.sina.cn\ngsid_CTandWM=4u6J18e51lgQsv9SGZxRy7UBO9q; path=/; domain=.sina.cn; httponly","weibo.com":"SUB=_2A25582B0DeThGedG41cY8CrJwziIHXVbbyo8rDV8PUJbr9AKLVPEkWse5sTurujGFSpJz_rnywkQWICbww..; path=/; domain=.weibo.com; httponly; expires=Friday, 03-Apr-15 14:01:08 GMT\nSUBP=0033WrSXqPxfM725Ws9jqgMF55529P9D9WFIMXaMKMkS3Bxcs5afpHR-; expires=Thursday, 03-Mar-16 14:01:08 GMT; path=/; domain=.weibo.com\nSUHB=0Ry7oVeIsW1slk; expires=Thursday, 03-Mar-16 14:01:08 GMT; path=/; domain=.weibo.com\nSUS=SID-1885904584-1425477668-XD-z0ol4-8ca604867cb27a31451b3d095fcff1ef; path=/; domain=.weibo.com; httponly\nSUE=es%3Db451a7a0149ec2a19ba9cf59a9e00cd1%26ev%3Dv1%26es2%3D824b5605fb0a19a53763ac5758cbb7ba%26rs0%3DXw%252B7OKPpPdA0nLoi0eOQW7OKaBqMfBMD6mtjWme%252FAPTRvHgMn6XR%252BxEWdpd%252FmJeIBYXHRKTuSg0skYhv5WAiAeIOZKHASzfPJLB2fwIi05xz%252F%252BX3iz0f9Nds6gI90seeAyrfGSWInClEkGpeYJmuF%252F55jYO1tUHtkFruVLVhrtE%253D%26rv%3D0;path=/;domain=.weibo.com;Httponly\nSUP=cv%3D1%26bt%3D1425477668%26et%3D1425564068%26d%3Dc909%26i%3D49f5%26us%3D1%26vf%3D%26vt%3D%26ac%3D%26st%3D0%26uid%3D1885904584%26name%3D254132797%2540qq.com%26nick%3D254132797%26fmp%3D%26lcp%3D2013-07-19%252009%253A51%253A16;path=/;domain=.weibo.com\ngsid_CTandWM=4u6J18e51lgQsv9SGZxRy7UBO9q; path=/; domain=.weibo.com; httponly","weibo.cn":"SUB=_2A25582B0DeThGedG41cY8CrJwziIHXVbbyo8rDV6PUJbr9AKLUvHkWsPFDubnIVpr_-wvr1WAQsfTe4zlQ..; path=/; domain=.weibo.cn; httponly; expires=Friday, 03-Apr-15 14:01:08 GMT\nSUBP=0033WrSXqPxfM725Ws9jqgMF55529P9D9WFIMXaMKMkS3Bxcs5afpHR-; expires=Thursday, 03-Mar-16 14:01:08 GMT; path=/; domain=.weibo.cn\nSUHB=0jBZEPMpqIk51j; expires=Thursday, 03-Mar-16 14:01:08 GMT; path=/; domain=.weibo.cn\ngsid_CTandWM=4u6J18e51lgQsv9SGZxRy7UBO9q; path=/; domain=.weibo.cn; httponly"}}
com.apple.sinaweibo.oauth-token-secret;EFFCDA37-D2FE-4734-A2BD-599EF89B829E;e0085a562a530344188621cc2b219c02
com.apple.sinaweibo.oauth-token;EFFCDA37-D2FE-4734-A2BD-599EF89B829E;3c61066523a7c8d9858b72d880e7e6a1
com.zdworks.ios.zdclockcom.flurry.analytics;FlurrySessionTimestampKey;com.zdworks.ios.zdclockcom.flurry.analytics_FlurrySessionTimestampKey_7566047373982433280.plist
com.google.sso.GetAppIdentifierPrefix;GetAppIdentifierPrefix;
com.onlyway.TrainFreecom.flurry.analytics;FlurrySessionTimestampKey;com.onlyway.TrainFreecom.flurry.analytics_FlurrySessionTimestampKey_8430738502437568512.plist
com.tencent.pao;com.tencent.pao;09F33D5D-2250-4D5E-BFE3-D8C584502E38
cn.vivame.newMagzine;cn.vivame.newMagzine;75C76BC3-8492-4E93-93F6-B7B0D5BCF3F6
com.meitu.mtxxcom.flurry.analytics;FlurrySessionTimestampKey;com.meitu.mtxxcom.flurry.analytics_FlurrySessionTimestampKey_9079256848778919936.plist
com.kiloo.subwaysurferscom.flurry.analytics;FlurrySessionTimestampKey;com.kiloo.subwaysurferscom.flurry.analytics_FlurrySessionTimestampKey_9151314442816847872.plist
Notification;local;
Copernicus;gmo6idYWxH95RQXm5QaBprnIsabvVSqw7OY/E0UwnM8=;ÎL3Ju¶È?
com.FDGEntertainment.CoverOrange2com.flurry.analytics;FlurrySessionTimestampKey;com.FDGEntertainment.CoverOrange2com.flurry.analytics_FlurrySessionTimestampKey_9367487224930631680.plist
com.FDGEntertainment.CoverOrange2com.flurry.analytics;FlurryDataKey;com.FDGEntertainment.CoverOrange2com.flurry.analytics_FlurryDataKey_9439544818968559616.plist
com.qunar.qunarclient8;iid;44EF616A-132E-480F-A484-BAF2889D796A
com.qunar.lvtu.lvtuSDK;deviceIdentifier;43E5FDD9-99FB-488E-86E3-047F5D110423
<?xml version="1.0" encoding="UTF-8"?>
<!DOCTYPE plist PUBLIC "-//Apple//DTD PLIST 1.0//EN" "http://www.apple.com/DTDs/PropertyList-1.0.dtd">
<plist version="1.0">
<dict>
	<key>a</key>
	<data>
	YzE5NzY0MjkzNjliZmUwNjNlZDhiMzQwOWRiN2M3ZTdkODcxOTZkOQ==
	</data>
	<key>b</key>
	<data>
	Q0RFMDY4MjYtMEUyRS00RUVELTkyMzgtNEVGNTI1RUI2RTAw
	</data>
</dict>
</plist>
;;
<?xml version="1.0" encoding="UTF-8"?>
<!DOCTYPE plist PUBLIC "-//Apple//DTD PLIST 1.0//EN" "http://www.apple.com/DTDs/PropertyList-1.0.dtd">
<plist version="1.0">
<dict>
	<key>DSC</key>
	<integer>21</integer>
	<key>IDX</key>
	<data>
	MTQyNw==
	</data>
	<key>NK</key>
	<data>
	bGVqaXVzaXNodQ==
	</data>
</dict>
</plist>
;;
com.taobao.taobao4iphone;kUserDefaultKeyLoginToken;0b0223f514f517b17603700d4c291648
com.taobao.taobao4iphone;cntaobaolejiusishu;0b0223f514f517b17603700d4c291648
;e314d8d4741d157ccb33e60be7915944b475b3d82f7f38205559a652e05a1328+huj43714xy+1389194057.177549;
<?xml version="1.0" encoding="UTF-8"?>
<!DOCTYPE plist PUBLIC "-//Apple//DTD PLIST 1.0//EN" "http://www.apple.com/DTDs/PropertyList-1.0.dtd">
<plist version="1.0">
<dict>
	<key>c</key>
	<data>
	KgiEGNKcyIBsEF2YlpdMKhYQtmSTei8Xtx/dOLKzzhQ=
	</data>
</dict>
</plist>
;;
sec_sdk_shared;password;m_2VZz61ksgLRaknvIbZ07z4M3z_ELn0dmMs_QOr8ghV9OEBtkYhu-gbZ_afyixA4icosWQzdt7pZItDVRswh_r4GRWlMRQReTV3Jv2GiaLrY5p5aDAob6VSUQHaC9LN
;;46D8AFC6-41B4-48AF-B032-FAE3B0236E77
com.taobao.taobao4iphone;udid;17594BA3-32B8-4834-AC4C-B293C48003A4
com.taobao.taobao4iphone;vimei;4ulvk3vqbq64es4
com.taobao.taobao4iphone;vimsi;rh444pjzq0j1rrs
sec_sdk_shared;password;m_2VZz61ksgLRaknvIbZ07q4O9a-2P098DwOgX7aBwyZlbojcfGMQ22M4LfqbVs1VRWOYZ8huBb1TfsCGvMb3f7Ido8OpwOp4uUiZfv2F_GkVYFIzBtpjkZIlRb5tM8t
com.taobao.taobao4iphone;public_key;MIGfMA0GCSqGSIb3DQEBAQUAA4GNADCBiQKBgQDENksAVqDoz5SMCZq0bsZwE+I3NjrANyTTwUVSf1+ec1PfPB4tiocEpYJFCYju9MIbawR8ivECbUWjpffZq5QllJg+19CB7V5rYGcEnb/M7CS3lFF2sNcRFJUtXUUAqyR3/l7PmpxTwObZ4DLG258dhE2vFlVGXjnuLs+FI2hg4QIDAQAB
com.taobao.taobao4iphone;tidclientkey;6316655d4c0b268147ac45365ce19449ca1e2c43892320d9943178e278ce3bd6+u0ecow9ip6
service;ÁªàÊûÅÂáèËÇ•Ê≥ï - passcode_on;NO
service;ÁªàÊûÅÂáèËÇ•Ê≥ï - erase_data_on;NO
com.dianping.dpscope;KeychainID;bdb23d11f606233183443ecaf3a7af81e6ba86237a
com.runtastic.iphone.situp.procom.flurry.analytics;FlurrySessionTimestampKey;com.runtastic.iphone.situp.procom.flurry.analytics_FlurrySessionTimestampKey_11961560610296037376.plist
com.runtastic.iphone.situp.procom.flurry.analytics;FlurryDataKey;com.runtastic.iphone.situp.procom.flurry.analytics_FlurryDataKey_12033618204333965312.plist
alexcrusher.just6weekscom.flurry.analytics;FlurrySessionTimestampKey;alexcrusher.just6weekscom.flurry.analytics_FlurrySessionTimestampKey_12105675798371893248.plist
com.nike.niketrainingclub.zh;iPhone6,2;D07C1E1E-DAA8-497E-86FA-F289A6D86CD3
com.nike.niketrainingclub.zh;T9OEedKaSPSvS30-2QHVgw;h1Ay3NcOQ_ij8j6-H
NikeSDKAccount;lastAuthenticatedUserFor-api.nike.com_ONEAccessToken;ea55fb634d7d0e63e18ed2988c57970
NikeSDKAccount;lastAuthenticatedUserFor-api.nike.com_ONERefreshToken;72b21d5b23a74a6a6b018a11db41a6ee
NikeSDKAccount;lastAuthenticatedUserFor-api.nike.com_ONEUserIdentifier;10583401354
NikeSDKAccount;lastSavedAccountFor-com.nike.niketrainingclub.zh_ONELastSavedAccount;10583401354
com.kingsoft.www.office.wpsofficecom.flurry.analytics;FlurrySessionTimestampKey;com.kingsoft.www.office.wpsofficecom.flurry.analytics_FlurrySessionTimestampKey_12610078956637388800.plist
AirPort;_AppleWi-FiInternetTetheringSSID_;zouxiaoqin
keychain_device_identifier;keychain_device_identifier;keychain_device_identifier_keychain_device_identifier_13258597302978740224.plist
dayima_identifier;dayima_identifier;dayima_identifier_dayima_identifier_13330654897016668160.plist
baiduopenudid;baiduopenudid;baiduopenudid_baiduopenudid_13835058055282163712.plist
baidusdkmacaddress;baidusdkmacaddress;baidusdkmacaddress_baidusdkmacaddress_13907115649320091648.plist
AirPort;CN;4008090678
com.apple.account.SMTP.password;8CB753B6-8914-4AB4-A4BA-33160411AE29;liouli88
com.apple.account.IMAP.password;A4DDD38E-F4AB-46F2-8CCA-DB0D135FF496;liouli88
MTAnalytics;MTAnalyticsUDID;CDE06826-0E2E-4EED-9238-4EF525EB6E00
com.meitu.mtxxcom.flurry.analytics;FlurrySessionTimestampKey;com.meitu.mtxxcom.flurry.analytics_FlurrySessionTimestampKey_15060037153926938624.plist
;;834040D9-2CC9-4E5D-8ADF-BD6D4085C70E
com.meituan.imeituancom.flurry.analytics;FlurrySessionTimestampKey;com.meituan.imeituancom.flurry.analytics_FlurrySessionTimestampKey_15564440312192434176.plist
FSS9ANCQ68.com.meituan.access;UUID;9935F7A941E3856430A3314829EB18668A9961AD6E8A2FBBB7E671F406490BF6
com.meituan.imeituancom.flurry.analytics;FlurryDataKey;com.meituan.imeituancom.flurry.analytics_FlurryDataKey_15708555500268290048.plist
com.dedalord.runningfredcom.flurry.analytics;FlurrySessionTimestampKey;com.dedalord.runningfredcom.flurry.analytics_FlurrySessionTimestampKey_15780613094306217984.plist
bpxl_uuid_service;bpxl_uuid_account;7D8DD74F-54A7-4945-9AD9-C91721FCD080
com.dedalord.runningfredcom.flurry.analytics;FlurryDataKey;com.dedalord.runningfredcom.flurry.analytics_FlurryDataKey_15924728282382073856.plist
;;D023C537-9B61-47EF-BB1B-B9C3912C6F9B
com.meitu.mtttcom.flurry.analytics;FlurrySessionTimestampKey;com.meitu.mtttcom.flurry.analytics_FlurrySessionTimestampKey_18086456103519911936.plist
com.meitu.mtttcom.flurry.analytics;FlurryDataKey;com.meitu.mtttcom.flurry.analytics_FlurryDataKey_18158513697557839872.plist
;;8220b07678f80f78aa2514fb6e6f2ec3
YKKeyChainService_6889543b6cb5e0f07ceac7ee524313b6_Vendor;YKAdmin_6889543b6cb5e0f07ceac7ee524313b6;4D4CDE93-3E59-4DAD-AE8A-CE6E515CCBC3
com.yum.kfc.brand.test.app.YekuMob;com.yum.kfc.brand.test.app.YekuMob;com.yum.kfc.brand.test.app.YekuMob_com.yum.kfc.brand.test.app.YekuMob_792915009393917952.plist
MoJiCDNSecretKey;MoJiCDNSecretKey;MoJiCDNSecretKey_MoJiCDNSecretKey_864972603431845888.plist
NikeSDKAccount;lastAuthenticatedUserFor-api.nike.com_ONEAccessToken;6f2fc271091b9b5b00e1c655ee4f8d52
NikeSDKAccount;lastAuthenticatedUserFor-api.nike.com_ONERefreshToken;daaaeca0bd8b0d7b09fd8b2ed45c50ba
NikeSDKAccount;lastAuthenticatedUserFor-api.nike.com_ONEUserIdentifier;10583401354
AirPort;wwp;1234567890
com.tendcloud.udid;com.tendcloud.udid;com.tendcloud.udid_com.tendcloud.udid_2594354860342116352.plist
com.zaijiawan.reading-xiaonimeicom.flurry.analytics;FlurrySessionTimestampKey;com.zaijiawan.reading-xiaonimeicom.flurry.analytics_FlurrySessionTimestampKey_2738470048417972224.plist
com.zaijiawan.reading-xiaonimeicom.flurry.analytics;FlurryDataKey;com.zaijiawan.reading-xiaonimeicom.flurry.analytics_FlurryDataKey_2810527642455900160.plist
com.epic.background1136;kIDFVs;C4D69176-075E-437A-A0C5-B1195C6037A1,C4CF684B-D436-4483-AA4F-6967356FDE18
com.epic.background1136com.flurry.analytics;FlurrySessionTimestampKey;com.epic.background1136com.flurry.analytics_FlurrySessionTimestampKey_2954642830531756032.plist
com.epic.background1136com.flurry.analytics;FlurryDataKey;com.epic.background1136com.flurry.analytics_FlurryDataKey_3026700424569683968.plist
com.epic.background1136;kSavedWPCountKey;15
AirPort;TP-LINK_6;xdf2013bj
com.tencent.peng;com.tencent.peng;175DA4BF-DE8D-48D8-BA2B-679DE8A6C36B
MoWeather;UserID;606491570
cb594892a6cb6bef6f65ad0a6e78c11190b2702c;cb594892a6cb6bef6f65ad0a6e78c11190b2702c;YnBsaXN0MDDUAQIDBAUICwxUJHRvcFgkb2JqZWN0c1gkdmVyc2lvblkkYXJjaGl2ZXLRBgdUcm9vdIABogkKVSRudWxsXxARMDI6MDA6MDA6MDA6MDA6MDASAAGGoF8QD05TS2V5ZWRBcmNoaXZlcggRFh8oMjU6PD9FWV4AAAAAAAABAQAAAAAAAAANAAAAAAAAAAAAAAAAAAAAcA==
;bundleSeedID;
com.meituan.imeituancom.flurry.analytics;FlurrySessionTimestampKey;com.meituan.imeituancom.flurry.analytics_FlurrySessionTimestampKey_6989868096655720448.plist
FSS9ANCQ68.com.meituan.access;com.meituan.uuid;C31699691F5536E78DBD6BE61B9AF65769D67C132E52EDDD68CC113861A3FAFA
baiduopenudid;baiduopenudid;baiduopenudid_baiduopenudid_7422213660883288064.plist
baidusdkmacaddress;baidusdkmacaddress;baidusdkmacaddress_baidusdkmacaddress_7494271254921216000.plist
service;Âç°Ê¥õÁëûËøΩË∏™Âô® - passcode_on;NO
service;Âç°Ê¥õÁëûËøΩË∏™Âô® - erase_data_on;NO
com.lotuseed.uuid;com.lotuseed.uuid;O3153c3f593d364127aade1ffb171253fd3702268
;;b9d445741607e420590930f6a1d7c3c7
;;3208CC10-EA69-4E36-8DBE-7669793EB0DD
58keychainServiceName;58keychainOpenUdid;c55e64e87a5206446c188ac41e3045730c7f90bc
com.app58.App58ForIphone;WB_KeyChain_Device_IMEI;0f607264fc6318a92b9e13c65db7cd3c
;;961b57f2694de46cb7863108c09ce7bd
com.app58.App58ForIphone;WB_Device_Id;c55e64e87a5206446c188ac41e3045730c7f90bc
com.hongyuye.91Coupon;hongyuyeDeviceMacAddress;02:00:00:00:00:00
com.hongyuye.91Coupon;hongyuyeDeviceIDFA;CDE06826-0E2E-4EED-9238-4EF525EB6E00
com.qunar.lvtu.lvtuSDK;deviceIdentifier;62629605-A232-49BE-8D83-04DBA842CA8D
com.baidu.map.TAService;TAAuthenticationAccount;18652950527
com.jingling.baisibudeqijiecom.flurry.analytics;FlurrySessionTimestampKey;com.jingling.baisibudeqijiecom.flurry.analytics_FlurrySessionTimestampKey_13619166748145090560.plist
com.jingling.baisibudeqijiecom.flurry.analytics;FlurryDataKey;com.jingling.baisibudeqijiecom.flurry.analytics_FlurryDataKey_13691224342183018496.plist
baiduopenudid;baiduopenudid;baiduopenudid_baiduopenudid_14339742688524369920.plist
;fcd3d2638c2edd5e77cd6c4e9f911fa04a6df714;
FuncityTaxi2;idx;7602515
;ì‰êÇ2ªÄÀ}˝≠x)c;Oæ ˝æƒ∫`wáF¶◊ç
com.taobao.taobao4iphone;udid;8D86D816-305F-4D4B-94BC-DD9E3D8ED380
sec_sdk_shared;password;m_2VZz61ksgLRaknvIbZ0wubbWMhBgvqhFFbz_fhJLMytH6XlaC9prA-AT9q4t-9OBfpF0HHMri6jufPsntEUgemwxKAcQP-zYEwnK-H0qXesstyoHFfdq3e39MKnmCq
com.taobao.taobao4iphone;vimei;t9de8b4df3nlg7i
com.taobao.taobao4iphone;vimsi;o0gwfts94q3jmbk
com.taobao.taobao4iphone;public_key;MIGfMA0GCSqGSIb3DQEBAQUAA4GNADCBiQKBgQDENksAVqDoz5SMCZq0bsZwE+I3NjrANyTTwUVSf1+ec1PfPB4tiocEpYJFCYju9MIbawR8ivECbUWjpffZq5QllJg+19CB7V5rYGcEnb/M7CS3lFF2sNcRFJUtXUUAqyR3/l7PmpxTwObZ4DLG258dhE2vFlVGXjnuLs+FI2hg4QIDAQAB
com.taobao.taobao4iphone;alixtid;771b18b93b73f0be8d2be65910cb8505
;;E704C333-20BA-4E8D-8615-34BA564AE4E6
punchbox;pbpunchboxuuid;A3BF4FA4-E101-47E5-8C41-0847162864B8
com.tendcloud.udid;com.tendcloud.udid;com.tendcloud.udid_com.tendcloud.udid_1513772424749907968.plist
punchbox;pbpunchboxuuid;D9143BCB-F0B2-4A42-93BB-0BF75E34AD17
com.tendcloud.udid;com.tendcloud.udid;com.tendcloud.udid_com.tendcloud.udid_1657887612825763840.plist
baiduopenudid;baiduopenudid;baiduopenudid_baiduopenudid_1729945206863691776.plist
baidusdkmacaddress;baidusdkmacaddress;baidusdkmacaddress_baidusdkmacaddress_1802002800901619712.plist
baiduopenudid;baiduopenudid;baiduopenudid_baiduopenudid_2018175583015403520.plist
com.kingdee.MyMoneycom.flurry.analytics;FlurrySessionTimestampKey;com.kingdee.MyMoneycom.flurry.analytics_FlurrySessionTimestampKey_2450521147242971136.plist
com.kingdee.MyMoneycom.flurry.analytics;FlurryDataKey;com.kingdee.MyMoneycom.flurry.analytics_FlurryDataKey_2522578741280899072.plist
com.tencent.live4iphone;GUID;49ca8b369d5711e385efabcd0696bb0a
AirPort;fsyl@2014;godblessme
DEVICE_ID;;5072bcf918e48d34387a57b9cc7432bbb07838c2b4acb8fa982435dd5fdb1f0b
com.squarepoet.tinypianocom.flurry.analytics;FlurrySessionTimestampKey;com.squarepoet.tinypianocom.flurry.analytics_FlurrySessionTimestampKey_5837228067025584128.plist
APP_TINY_PIANO;;REGISTERED
com.alibaba.wireless.uuidkeys;com.alibaba.wireless.uuidkeys;com.alibaba.wireless.uuidkeys_com.alibaba.wireless.uuidkeys_8575416640466845696.plist
com.meituan.keychain.test;com.meituan.keychain.test;test
baiduopenudid;baiduopenudid;baiduopenudid_baiduopenudid_10881259649680539648.plist
;02HBItHxdcG5Gq7RJwXuknipOQRdHnqj19Nw3SJSwRsUT/aQVxAGsxAW9EJrW/Uk13k92hQczxfk/rAME2L8Wg8A==;
cb594892a6cb6bef6f65ad0a6e78c11190b2702c;cb594892a6cb6bef6f65ad0a6e78c11190b2702c;YnBsaXN0MDDUAQIDBAUICwxUJHRvcFgkb2JqZWN0c1gkdmVyc2lvblkkYXJjaGl2ZXLRBgdUcm9vdIABogkKVSRudWxsXxARMDI6MDA6MDA6MDA6MDA6MDASAAGGoF8QD05TS2V5ZWRBcmNoaXZlcggRFh8oMjU6PD9FWV4AAAAAAAABAQAAAAAAAAANAAAAAAAAAAAAAAAAAAAAcA==
d4e54f36d1cdfef77e8332c32cd1a04bede1897b;d4e54f36d1cdfef77e8332c32cd1a04bede1897b;YnBsaXN0MDDUAQIDBAUICwxUJHRvcFgkb2JqZWN0c1gkdmVyc2lvblkkYXJjaGl2ZXLRBgdUcm9vdIABogkKVSRudWxsXxAoZTM3YTliZmE1YjBkNGMwNjJhMWYzNTgxZTcyYzU2MTNiYWZlMmExNxIAAYagXxAPTlNLZXllZEFyY2hpdmVyCBEWHygyNTo8P0VwdQAAAAAAAAEBAAAAAAAAAA0AAAAAAAAAAAAAAAAAAACH
d4e54f36d1cdfef77e8332c32cd1a04bede1897b;d4e54f36d1cdfef77e8332c32cd1a04bede1897b;YnBsaXN0MDDUAQIDBAUICwxUJHRvcFgkb2JqZWN0c1gkdmVyc2lvblkkYXJjaGl2ZXLRBgdUcm9vdIABogkKVSRudWxsXxAoZTM3YTliZmE1YjBkNGMwNjJhMWYzNTgxZTcyYzU2MTNiYWZlMmExNxIAAYagXxAPTlNLZXllZEFyY2hpdmVyCBEWHygyNTo8P0VwdQAAAAAAAAEBAAAAAAAAAA0AAAAAAAAAAAAAAAAAAACH
AirPort;iPhone;liujinbang222
baidusdkmacaddress;baidusdkmacaddress;baidusdkmacaddress_baidusdkmacaddress_14267966569463152640.plist
tencent.mqq.analytics;rqd.qimei;2014032522203036428:31:52:B0:29:B0723072
AirPort;FAST_1E1ACA;123456789
tencent.mqq.analytics;rqd.uuid;815C3B67-CB77-47DF-85BE-44FF03D018B3
AirPort;siwang;20140131
qvod.com.DEVICEID;QvodDeviceID;b5e32aec41f24db6b9c9dd1353f43b29
<?xml version="1.0" encoding="UTF-8"?>
<!DOCTYPE plist PUBLIC "-//Apple//DTD PLIST 1.0//EN" "http://www.apple.com/DTDs/PropertyList-1.0.dtd">
<plist version="1.0">
<dict>
	<key>c</key>
	<data>
	uCCp/9V15uvt5KDT9H+rwGFsRkrZzxkLqZEk/+5+33A=
	</data>
</dict>
</plist>
;;
sec_sdk_shared;password;m_2VZz61ksgLRaknvIbZ01sVP-xyB01vRTTA04JUHXvze-6XGKOCXelrnxuY3jdfkh9I1eoD4UuWWNnfSOj530HzqtseuO_2fEgVqIZ8ZLSYu9hDvnBNs4IL1VshOGnk
tencent.mqq.analytics;rqd.qimei;2014080900482625628:31:52:B0:29:B0363585
tencent.mqq.analytics;rqd.uuid;0206EEB8-9A80-4D2D-9C77-483EC994862C
cb594892a6cb6bef6f65ad0a6e78c11190b2702c;cb594892a6cb6bef6f65ad0a6e78c11190b2702c;YnBsaXN0MDDUAQIDBAUICwxUJHRvcFgkb2JqZWN0c1gkdmVyc2lvblkkYXJjaGl2ZXLRBgdUcm9vdIABogkKVSRudWxsXxARMDI6MDA6MDA6MDA6MDA6MDASAAGGoF8QD05TS2V5ZWRBcmNoaXZlcggRFh8oMjU6PD9FWV4AAAAAAAABAQAAAAAAAAANAAAAAAAAAAAAAAAAAAAAcA==
d4e54f36d1cdfef77e8332c32cd1a04bede1897b;d4e54f36d1cdfef77e8332c32cd1a04bede1897b;YnBsaXN0MDDUAQIDBAUICwxUJHRvcFgkb2JqZWN0c1gkdmVyc2lvblkkYXJjaGl2ZXLRBgdUcm9vdIABogkKVSRudWxsXxAoNzhiZjQ0N2ExMzllYWNkYjU3MDAxYmIyYjlkMjkwZDgzZDU1MjRhYxIAAYagXxAPTlNLZXllZEFyY2hpdmVyCBEWHygyNTo8P0VwdQAAAAAAAAEBAAAAAAAAAA0AAAAAAAAAAAAAAAAAAACH
com.qiushibaike.qiushibaike::OAuth2::oauth2-qq;;
tYLQoElIPJmt3r91HwT8hFdfDdnfV2KU66ZTTeiFyBkH6GLBkdpGEw==;tYLQoElIPJmt3r91HwT8hFdfDdnfV2KU66ZTTeiFyBkH6GLBkdpGEw==;tYLQoElIPJmt3r91HwT8hFdfDdnfV2KU66ZTTeiFyBkH6GLBkdpGEw==_tYLQoElIPJmt3r91HwT8hFdfDdnfV2KU66ZTTeiFyBkH6GLBkdpGEw==_3891954502978240512.plist
cb594892a6cb6bef6f65ad0a6e78c11190b2702c;cb594892a6cb6bef6f65ad0a6e78c11190b2702c;YnBsaXN0MDDUAQIDBAUICwxUJHRvcFgkb2JqZWN0c1gkdmVyc2lvblkkYXJjaGl2ZXLRBgdUcm9vdIABogkKVSRudWxsXxARMDI6MDA6MDA6MDA6MDA6MDASAAGGoF8QD05TS2V5ZWRBcmNoaXZlcggRFh8oMjU6PD9FWV4AAAAAAAABAQAAAAAAAAANAAAAAAAAAAAAAAAAAAAAcA==
;02a3RkL8dELA2jSnc2JHWsKaPCRPzr4YT37TuDWAovcZNZZrJlwi3jyuNncBNFcx/5qyNA4waEzyzRYVQdDGDhag==;
com.yoloho.Dayimacom.flurry.analytics;FlurrySessionTimestampKey;com.yoloho.Dayimacom.flurry.analytics_FlurrySessionTimestampKey_9224216461784907776.plist
punchbox;pbpunchboxuuid;46820DE1-F898-4162-AEB0-44DF4D4A844F
com.jumei.iphone.allinfo;com.jumei.iphone.allinfo;com.jumei.iphone.allinfo_com.jumei.iphone.allinfo_13835902480212295680.plist
;;10499623
tencent.mqq.analytics;rqd.qimei;2014042011495663628:31:52:B0:29:B0163869
AirPort;Tenda_467030;987654321
;C9809DB9-9020-4AED-A49B-5A1B5BF46E7A;
tencent.mqq.analytics;rqd.qimei;20140825002525897D8:49:0B:C8:53:4C320427
tencent.mqq.analytics;rqd.uuid;63F3BF69-3899-4413-8D13-631A43710B6D
com.lotuseed.uuid;com.lotuseed.uuid;O679f92b692f303770d2b25900769a63acd18089d
tencent.mqq.analytics;rqd.qimei;5b2852d1-94f9-49cc-823d-683eb87c2ee0
tencent.mqq.analytics;rqd.uuid;9600259E-1127-47B2-A08F-6E4B76D53A66
<?xml version="1.0" encoding="UTF-8"?>
<!DOCTYPE plist PUBLIC "-//Apple//DTD PLIST 1.0//EN" "http://www.apple.com/DTDs/PropertyList-1.0.dtd">
<plist version="1.0">
<dict>
	<key>a</key>
	<data>
	YzE5NzY0MjkzNjliZmUwNjNlZDhiMzQwOWRiN2M3ZTdkODcxOTZkOQ==
	</data>
	<key>c</key>
	<data>
	JcaemSoLsUhaWFn3QhpucJ6ikAQDDpYZDqJbzqJyZB4=
	</data>
</dict>
</plist>
;;
<?xml version="1.0" encoding="UTF-8"?>
<!DOCTYPE plist PUBLIC "-//Apple//DTD PLIST 1.0//EN" "http://www.apple.com/DTDs/PropertyList-1.0.dtd">
<plist version="1.0">
<dict>
	<key>DSC</key>
	<integer>1</integer>
	<key>IDX</key>
	<data>
	NA==
	</data>
</dict>
</plist>
;;
GUSNZLMEQ4.com.strongwang.FamilyUSAInApp;UDID;371AFE7A-AA9C-49C0-90E2-3364017EBC67
AirPort;hm025.com-2SY;83336888
;1cec633bf3ac14445c3390a8f45ab42a465e5079;
cb594892a6cb6bef6f65ad0a6e78c11190b2702c;cb594892a6cb6bef6f65ad0a6e78c11190b2702c;YnBsaXN0MDDUAQIDBAUICwxUJHRvcFgkb2JqZWN0c1gkdmVyc2lvblkkYXJjaGl2ZXLRBgdUcm9vdIABogkKVSRudWxsXxARMDI6MDA6MDA6MDA6MDA6MDASAAGGoF8QD05TS2V5ZWRBcmNoaXZlcggRFh8oMjU6PD9FWV4AAAAAAAABAQAAAAAAAAANAAAAAAAAAAAAAAAAAAAAcA==
d4e54f36d1cdfef77e8332c32cd1a04bede1897b;d4e54f36d1cdfef77e8332c32cd1a04bede1897b;YnBsaXN0MDDUAQIDBAUICwxUJHRvcFgkb2JqZWN0c1gkdmVyc2lvblkkYXJjaGl2ZXLRBgdUcm9vdIABogkKVSRudWxsXxAoMWNlYzYzM2JmM2FjMTQ0NDVjMzM5MGE4ZjQ1YWI0MmE0NjVlNTA3ORIAAYagXxAPTlNLZXllZEFyY2hpdmVyCBEWHygyNTo8P0VwdQAAAAAAAAEBAAAAAAAAAA0AAAAAAAAAAAAAAAAAAACH
;02nxv4XNQPUJ/HE4Jxl2HZWRJ4nnL6t4BpXmI024+mrQivIVPRM51hmk4OqZaXCqGNpv6eeCfxJ4zK6Qho/FS0oQ==;
<?xml version="1.0" encoding="UTF-8"?>
<!DOCTYPE plist PUBLIC "-//Apple//DTD PLIST 1.0//EN" "http://www.apple.com/DTDs/PropertyList-1.0.dtd">
<plist version="1.0">
<dict>
	<key>a</key>
	<data>
	YzE5NzY0MjkzNjliZmUwNjNlZDhiMzQwOWRiN2M3ZTdkODcxOTZkOQ==
	</data>
	<key>b</key>
	<data>
	Q0RFMDY4MjYtMEUyRS00RUVELTkyMzgtNEVGNTI1RUI2RTAw
	</data>
	<key>c</key>
	<data>
	yR+zHqOUcmLhuYXrCCjPJbh73NI4wh4fwOoE/W5Z4kI=
	</data>
</dict>
</plist>
;;
<?xml version="1.0" encoding="UTF-8"?>
<!DOCTYPE plist PUBLIC "-//Apple//DTD PLIST 1.0//EN" "http://www.apple.com/DTDs/PropertyList-1.0.dtd">
<plist version="1.0">
<dict>
	<key>DSC</key>
	<integer>24</integer>
	<key>IDX</key>
	<data>
	MTcxNQ==
	</data>
	<key>NK</key>
	<data>
	bGVqaXVzaXNodQ==
	</data>
	<key>uid</key>
	<string>136900037</string>
</dict>
</plist>
;;
AirPort;TP-LINK_8DB6;zxq123456
AirPort;guyankaorou;57070677
tencent.mqq.analytics;rqd.qimei;2014052519045706028:31:52:B0:29:B0990631
tencent.mqq.analytics;rqd.uuid;84A9901C-03BF-47D8-88CB-CB2DB700D60E
EscrowService;EscrowServiceBypassToken;AQAAAABTjTGD+156s4R8DWdTh2isXYREQjpI1nA=
SecureBackupService;SecureBackupPublicKeybag;VERS      TYPE      UUID   ëêŒù Añæáµ¨9ÑöHMCK   (                                        WRAP       SALT   ∂‡5≠@í£Ó∞“á¨é§Ö7VZITER     'UUID   éZÙôqJå´∏<árx=CLAS      WRAP      KTYP      WPKY   (öæoPÇ'©aÌ˙‘)ÄÀß≤ÕëúY,F]÷®,íd˛&⁄/yíÎ6PBKY    Ú »  Íê∫^0cß£¢ÿÂUròKX∫2E\"Y'$UUID   ¸çà=TaC¬¥àÛ‡1ÖsCLAS      
WRAP      KTYP      WPKY   (Á≠À§÷Ì=Úæ≠â˜s∞|çó–4äÿömúÙØV[ouP0µÊ<mPBKY    G„ï◊—Ì4d‚{¶B∆
¡\˜√b √◊à⁄±ÜUUID   ]Àã©˙@⁄ïÆcY=îkCLAS      	WRAP      KTYP      WPKY   (HSàT‰E™£µ©W‡Ò¶-áã⁄¯ÄkÜ2Üàåı¬Å‰:ßgöiOPBKY    P¥ _£‹√∑>Ó¡R√©ÿ\∂‘ûPØv]5v¸ÅCUUID   T§VözÍLMΩêñgÅ2p´CLAS      WRAP      KTYP      WPKY   (J«§{ù›¨…8ºπŸõ˙=O°î—nõÀw{PÊúèJ	ÌıPBKY    ®ÉË÷pøÌÈyeíØˆ˝öÆ∆ÉÎÆ™¢6VSuUUID   Ñg€wZN;Ö‡ÊÈ¡ÿpCLAS      WRAP      KTYP      WPKY   (ﬁ®^;\ë1º∞6jZ©Ûœï◊W.WˇaÖbím>ASJxâ¯ˇªô˜PBKY    Ç"ãìÎü8b$1X36Ñj¨‹geh∫CjŸT$º¯ÅhUUID   >¬Ä±KBí≠Wr¸˝’{CLAS      WRAP      KTYP      WPKY   (ŒîDíp÷∂ûÖôﬂ≤Õ*®'íN1"“ôI~ò¡/˝ù\"ï7üPBKY    ä•Ùˆî+ZTΩ¥¥uì Q®|F¶JÎƒYUUID   ≤‹ò¿‘âJöñ‘}˙ëçòCLAS      WRAP      KTYP      WPKY   (áá— ¥êÅ»3UZ¥SMå∫≠MÍﬁé};˜πÔ)ûçΩŸÅAö@Ñ≠ÎPBKY    cüaµ<â\|uD◊§A5∞ÛŸß;≥:Óëÿè&µŸUUID   ~R©±nA›©î–‹,ZÙZCLAS      WRAP      KTYP      WPKY   (œ»˘Ÿøª≈OÌí∑‚&å∑œ ¯d©{≠ &íOüHã-ÁÊPBKY    ⁄páÑôÓh·⁄hÌôÛ’8Ù‰ÌÀBÎ©æ€≈dUUID   õÑÄØoIGÇ®Ÿy0,ı‚ùCLAS      WRAP      KTYP      WPKY   (˙ìg¨àƒ¢–4±˙Òˆ]‘ﬁÿ‰Rê aàÊUêƒÀNO∏U¸∑PBKY    Ñ¥¢¶& eóÁZ	©A‹KA∞0Ä„o–ò]≥‚ŸUUID   ç¯N˙†:@C≥ÌCpÛ-JÔCLAS      WRAP      KTYP      WPKY   (õ≤@5\(˚¶öÒÁx›Bi;ﬂ#∂BäÆd¶Ì≥‘¯6ÍøRJ/fà≤PBKY    π›≈j.˘® ˇ¬+aAV´îoPánƒ≤2ÏiˇÈJUUID   9‡¥“L⁄É“aÉ»âCLAS      WRAP      KTYP      WPKY   (s¸Í8	áÈy˘jÕ'ÜS~ËÙ€;—eY,04¸2¯-~»))ô(ÄÚPBKY    Æh‡Ü?èëÿúß,FÊ◊Ñd‹bÉßÖè˜—˝A÷cSÍ
SecureBackupService;SecureBackupEscrowCert;0Ç0ÇÔ† úˆ·m0	*ÜHÜ˜ 0y10
U10010	UUS10U

Apple Inc.1&0$UApple Certification Authority10UEscrow Service Root CA0131014235050Z151014235050Z0Åõ10	UUS10	UCA10U

Apple Inc.10
UETS1\0ZUSEscrow Service Key 9CF6E16D0CF8CEF87BE5FD5B158629FDA343548D92DE02B2D188A33060615D220Ç"0	*ÜHÜ˜ Ç 0Ç
Ç …3‘¯KmQí≈-9(@_∑á¬V¸nãx1™˝˝A±Ä?\3aI1ıe—_(2Õ¢éV ”*≈rv,‡…‰Ò∑S ò
mf€3¥l–nL_\Èçñ^2¥]$·”‰vä)k›2^øPŸ4j∫⁄
èØ^L# Fä„Çƒ˘˘£Í„πrˇDËy•ïÜ)*Ü´Nåõäﬂ8§ñk⁄ìèŒàù÷˙wIî˜F3µØ®«ﬂPÈï¯Û}ò
2˜ØâñRu5;O—¶Oí,√É\È.˙TêrÏ«Ô$<õŒ
P”≤⁄|qq°∏µxJı¥V/"`mæ’Õ¸	±‰±›ßÿ= £s0q0Uˇ0 0Uˇ 0UZhªr%b*¥nNÿZ2ˇK≥00U#0Ä˝xñSÄ÷ˆ‹¶√Y8Ìy>èPP0
*ÜHÜ˜cd
0	*ÜHÜ˜ Ç ~¥ê¨ˇµîm˜¨O≤(<•%ÿÆy…òÇk«} ™âÌO∑swÖÈÃ.®Éb°YM *Çó∫∏»ú∫ƒË–(´X¸ñÁ§0„õ05∫≠â¨>GÖD& ò°–/¥â£|Ä⁄33©ˆ?ûıhC…4õ‡À$ãâk?{≤°/°öÜ˘Z›ÇÉ∆)gBWÅΩ¡Ô®éπâé—˚&ëæ∏U@8M¢∏:'‘(LÉã•Á®míOt©ùNr˚}>Î]YèT;SÂ~‹‰Ç/Ûx;¨n≈.‚Ä‘0—
IyÈe”JDﬂü*Æ¢ú=;Â≠Jd∆Â•Œv^›úòÁ\á
;bundleSeedID;
com.douban.group;DOUSharedUDID;8e1c5e17988c6e932b594cc41b4114f02d611297
;com.douban.apps.DOUSharedUDID;0714fe33400084fa5db6a87937dc7167c1632517
baiduopenudid;baiduopenudid;baiduopenudid_baiduopenudid_1154610354467110912.plist
baidusdkmacaddress;baidusdkmacaddress;baidusdkmacaddress_baidusdkmacaddress_1226667948505038848.plist
;;8220b07678f80f78aa2514fb6e6f2ec3
;lejiusishu;liouli88
com.taobao.taobao4iphone;cntaobaoÁéãÂà©Âô®;b3c53e2c84637ef4e27ff1008de6c510
com.qq.xg.sdk.token;com.qq.xg.sdk.token;com.qq.xg.sdk.token_com.qq.xg.sdk.token_2307531859073957888.plist
nrISxOGjo3t2AVuW7Hxs999jA2NfBeiKA2+vt1yod9jsG2dYG0Py4Q==;nrISxOGjo3t2AVuW7Hxs999jA2NfBeiKA2+vt1yod9jsG2dYG0Py4Q==;nrISxOGjo3t2AVuW7Hxs999jA2NfBeiKA2+vt1yod9jsG2dYG0Py4Q==_nrISxOGjo3t2AVuW7Hxs999jA2NfBeiKA2+vt1yod9jsG2dYG0Py4Q==_3748683739832516608.plist
punchbox;pbpunchboxuuid;B55CF4FA-9B44-4534-9AE0-89EDD977715B
domob_offerwall;dmid;02Im0gRJ+pu1kjLtY1pg4lOAKP9X7kG1xJsmwZtfiWOJZU+wyjqwkU83Gls/WELi7HXBmonpg22B6RLp0m/4MIbQ==
AirPort;tuojie1;zxcvbZXCVB,./
AirPort;Mr-X1;86610303
AirPort;hm025.com-1QT;83336888
WAPSDELTA777edfac56766bf639438b44ef667aa4;WAPSDELTA777edfac56766bf639438b44ef667aa4;WAPSDELTA777edfac56766bf639438b44ef667aa4_WAPSDELTA777edfac56766bf639438b44ef667aa4_6703045095387561984.plist
WAPSUP777edfac56766bf639438b44ef667aa4;WAPSUP777edfac56766bf639438b44ef667aa4;WAPSUP777edfac56766bf639438b44ef667aa4_WAPSUP777edfac56766bf639438b44ef667aa4_6775102689425489920.plist
app.yinxiang.com;254132797;app.yinxiang.com_254132797_8720657728449544192.plist
com.evernote.iPhone.Evernote;OAUTH_Evernote_LinkedIn_EVERNOTEUSERNAME;254132797
EVEAccessPrediction-app.yinxiang.com;254132797;7îº⁄LÃ˙<T~ª˘øpÕ
com.qq.xg.sdk.token;com.qq.xg.sdk.token;com.qq.xg.sdk.token_com.qq.xg.sdk.token_9008888104601255936.plist
com.kuwo.KuwoTingtingcom.flurry.analytics;FlurryAPIKey;com.kuwo.KuwoTingtingcom.flurry.analytics_FlurryAPIKey_12539710212459724800.plist
com.kuwo.KuwoTingtingcom.flurry.analytics;FlurrySessionTimestampKey;com.kuwo.KuwoTingtingcom.flurry.analytics_FlurrySessionTimestampKey_12611767806497652736.plist
cn.sharesdk.udid;cn.sharesdk.udid;cn.sharesdk.udid_cn.sharesdk.udid_16070532320318193664.plist
AirPort;zmMac;zm840730zm,./
baiduopenudid;baiduopenudid;baiduopenudid_baiduopenudid_1587237393671389184.plist
baidusdkmacaddress;baidusdkmacaddress;baidusdkmacaddress_baidusdkmacaddress_1659294987709317120.plist
punchbox;pbpunchboxuuid;3DF858EC-E886-45B6-9D84-9D2BA2E08109
com.tendcloud.udid;com.tendcloud.udid;com.tendcloud.udid_com.tendcloud.udid_2091640551936884736.plist
AirPort;MZMKYMG;12345678
tencent.mqq.analytics;rqd.uuid;3A8B5F73-49B0-44E2-95DF-CC0D3CB9738E
AirPort;hongfengqing123;85544918
AirPort;CMCC;00000000
sapi_share_login_model_service;sapi_share_login_model_account;Ì∏v.˜õ≤w√å≈B M±
baiduopenudid;baiduopenudid;baiduopenudid_baiduopenudid_12684106875512291328.plist
baidusdkmacaddress;baidusdkmacaddress;baidusdkmacaddress_baidusdkmacaddress_12756164469550219264.plist
TBClient;OldIMEI;e0a997effb71bc7369b6807cc42e8df491a09f39
AirPort;Aldrich;14071213
AirPort;TP-LINK_B67EF0;
instagram;unique_id;C6C6D222-D5B9-4A7A-BF81-DD07EDC85A4B
com.burbn.instagram;username;lejiusishu
com.burbn.instagram;full_name;
com.burbn.instagram;profile_pic_url;http://photos-d.ak.instagram.com/hphotos-ak-xfa1/915680_1446149315646867_1380004916_a.jpg
AirPort;ÊàëÊòØÊµÅÊ∞ìÊàëÊÄïË∞ÅÔºÅ;00000000
com.vitrox.FacionIOS;FirstStartupTimestamp;com.vitrox.FacionIOS_FirstStartupTimestamp_7568299173796118528.plist
com.vitrox.FacionIOS;LastMaxStartupTimestamp;com.vitrox.FacionIOS_LastMaxStartupTimestamp_7640356767834046464.plist
7F18A8BC-FEA0-4404-9164-E23BF42D8817;;
com.quora.app.mobilecom.flurry.analytics;FlurrySessionTimestampKey;com.quora.app.mobilecom.flurry.analytics_FlurrySessionTimestampKey_12035870004147650560.plist
com.quora.app.mobilecom.flurry.analytics;FlurryDataKey;com.quora.app.mobilecom.flurry.analytics_FlurryDataKey_12107927598185578496.plist
UMSAgent;UMSAgentUDID;CDE06826-0E2E-4EED-9238-4EF525EB6E00
com.Youweisoft.betterBrainGame1.200208;UUID;AF11D64D-F80B-4D71-9831-9849A7987163
d4e54f36d1cdfef77e8332c32cd1a04bede1897b;d4e54f36d1cdfef77e8332c32cd1a04bede1897b;YnBsaXN0MDDUAQIDBAUICwxUJHRvcFgkb2JqZWN0c1gkdmVyc2lvblkkYXJjaGl2ZXLRBgdUcm9vdIABogkKVSRudWxsXxAoNDUyM2EyYWRkYzQwZmMyMGJlYTZmMmRkNDAxYWQyODdjMTk1MDI2NxIAAYagXxAPTlNLZXllZEFyY2hpdmVyCBEWHygyNTo8P0VwdQAAAAAAAAEBAAAAAAAAAA0AAAAAAAAAAAAAAAAAAACH
kWBSDKKeyChainAuthService;kWBSDKKeyChainUDID;a2ee82fff77aa7b3371cbe135f6b59e8bcd9aa51
kWBStatisticSDKKeyChainAuthService;kWBStatisticSDKKeyChainUDID;0a4b211055919588745b6cc671647f8385478eeb
com.tendcloud.udid;com.tendcloud.udid;com.tendcloud.udid_com.tendcloud.udid_4902449669369495552.plist
com.mycompany.myAppServiceName;k_ccb_uuid;5D0171CB-DB8F-45CB-9E32-58F15B50DDDB
com.mycompany.myAppServiceName;UserToken;2805B105FFC55C48FAB5473089396DCA4f75789774f86a9833ce6ab23c9a087cdaa6311f4a3438f1cdaf034e8c605bced323143cab5171c5c0005bfbeb93ce2e15f0665d2d94f1493101261457f3d1263a375edbb7337132632550cd10c8b8e96ddd2970ca9c4480a41b4006b68edbf892a3ed6bf0c68b2708f627265497b2e6a7fea372cb479b84d7a298ecb44489c1
com.mycompany.myAppServiceName;PubKey;20140812124019
com.mycompany.myAppServiceName;MN;8
com.mycompany.myAppServiceName;mode;
com.mycompany.myAppServiceName;ACCARRAY;
com.apptao.retinawallpapers;kIDFVs;F57A8CC3-67C6-41CC-82A0-A21AA8A1DDD4
com.apptao.retinawallpaperscom.flurry.analytics;FlurryAPIKey;com.apptao.retinawallpaperscom.flurry.analytics_FlurryAPIKey_11819978697010577408.plist
com.apptao.retinawallpaperscom.flurry.analytics;FlurrySessionTimestampKey;com.apptao.retinawallpaperscom.flurry.analytics_FlurrySessionTimestampKey_11892036291048505344.plist
com.apple.icloud.fmip.auth;364972529;
;;dc6e6b6173d5c3bfa80bd96be7e173a1
boohee.com.passport;boohee.com.passport.token;kGARuxMKXRC19AXFDE6D
boohee.com.passport;boohee.com.passport.userKey;ff10808a-ab6e-431b-b42c-af3deef57265
com.mm.iweeklycom.flurry.analytics;FlurrySessionTimestampKey;com.mm.iweeklycom.flurry.analytics_FlurrySessionTimestampKey_15278743210831118336.plist
;DA86A277-03CF-474B-8817-B8BB2A64D49A;
com.meitu.mtmvcom.flurry.analytics;FlurryAPIKey;com.meitu.mtmvcom.flurry.analytics_FlurryAPIKey_17656643814082740224.plist
com.meitu.mtmvcom.flurry.analytics;FlurrySessionTimestampKey;com.meitu.mtmvcom.flurry.analytics_FlurrySessionTimestampKey_17728701408120668160.plist
AirPort;000000000000;00000000
AirPort;123;87654321
AirPort;Tenda_10BA10;87654321
GX_ZbSBzplvmk52jOBuMMQxt5_SDK_Service;__gxsdk_reserved_key7__;I-29C52257E9084CCB99ACE81EC73F0D6E-1410364136304
GX_ZbSBzplvmk52jOBuMMQxt5_SDK_Service;__gxsdk_reserved_key3__;713172923096032258
NICE_SERVICE;NICE_UUID;7C5C1411-0075-44DC-A34E-F806DD2F3D85
cn.sharesdk.udid;cn.sharesdk.udid;cn.sharesdk.udid_cn.sharesdk.udid_3389803144526430208.plist
com.tendcloud.udid;com.tendcloud.udid;com.tendcloud.udid_com.tendcloud.udid_3533918332602286080.plist
cn.mafengwo.www.keychain_token;defaultUser;0|&|aa6108524a68351d0d752a8bf66d167f|&|0_d5af5e71fbcea723b6af2ddae8ab084a
lua_signature;mafengwo_lua;6978a02f26a7a0742ddf1f54392016b8
com.tendcloud.udid;com.tendcloud.udid;com.tendcloud.udid_com.tendcloud.udid_7064740440460754944.plist
AirPort;XXF2;88888888
_iCounpon__ServiceName_;takeoutremark;
AirPort;TP-LINK_7FEA9E;qzf10203040
com.Lvmama.Lvmama;lvmama_iphone_uuid;cc781124-189d-42f1-a80a-7613f23a015d-uuid
com.taobao.taobao4iphone;cntaobaolejiusishu;0b0223f514f517b17603700d4c291648
baiduopenudid;baiduopenudid;baiduopenudid_baiduopenudid_13910211874063908864.plist
com.taobao.taobao4iphone;kKeyRoamingServiceQueryPwdTokecntaobaolejiusishu;_6824f6a43b4be678822d00489471d937
AirPort;(‚ï∞_‚ïØ)Á´üÁÑ∂ÊúâÂØÜÁ†Å;88888888
;a5d853cd51c249cd1e8be90a4cd80a98f0045cb7;
z+iNlz3WvLcXMXP1YiTRbGilImdm4112Of+ASCxlyXKq5OK6NRVpww==;z+iNlz3WvLcXMXP1YiTRbGilImdm4112Of+ASCxlyXKq5OK6NRVpww==;z+iNlz3WvLcXMXP1YiTRbGilImdm4112Of+ASCxlyXKq5OK6NRVpww==_z+iNlz3WvLcXMXP1YiTRbGilImdm4112Of+ASCxlyXKq5OK6NRVpww==_14919018190594899968.plist
punchbox;pbpunchboxuuid;C5B914D3-3C60-44A9-8046-78864ADEC57D
WAPSDELTA86d904b6709ec5ef56b4cb626867a2cc;WAPSDELTA86d904b6709ec5ef56b4cb626867a2cc;WAPSDELTA86d904b6709ec5ef56b4cb626867a2cc_WAPSDELTA86d904b6709ec5ef56b4cb626867a2cc_15207248566746611712.plist
WAPSUP86d904b6709ec5ef56b4cb626867a2cc;WAPSUP86d904b6709ec5ef56b4cb626867a2cc;WAPSUP86d904b6709ec5ef56b4cb626867a2cc_WAPSUP86d904b6709ec5ef56b4cb626867a2cc_15279306160784539648.plist
AirPort;Guoguoyin2;86299662
com.apple.account.FindMyFriends.find-my-friends-app-token;EA502BE0-4096-41FB-9069-8241D15F6180;AQAAAABUIL7fSlj5WophAidM2vGXq3Joat6YM5U~
com.apple.account.FindMyFriends.find-my-friends-token;EA502BE0-4096-41FB-9069-8241D15F6180;AQAAAABUIL7f6EGgNJtG6m2rVNiKt_SKNHVTD0w~
com.apple.account.CloudKit.token;D3BBB34D-9802-4265-B6CA-C5124BB6B2B5;AQAAAABUIL7fcYxatRftPY5u15ed2_WJqMd8PvA~
com.apple.gs.icloud.auth.com.apple.account.AppleIDAuthentication.token;43566271-A012-4B8F-83B0-E4AB09175E87;A5c/XWyLY0Ma23XYy4VmNsrrEmUtbYGL2qEgm4yKtHMJ/3HNU3tkLD4cx9LnS36LnOZtVgwACJFIbFbb5DdSszgje/mJTWVgVNusQwPQwv+6K2mkUb+MbYrTjblPbreyn5kz/SlI/52df83DIJT3YphfI0pt/Mb5me1haiZgSnLkoBQeWwulUYrGuCrzBf+m8T0t35DLI2mTeB/loCFXjRDBP0WU
com.apple.gs.icloud.auth.com.apple.account.AppleIDAuthentication.token-expiry-date;43566271-A012-4B8F-83B0-E4AB09175E87;464660967.493435
com.apple.gs.pb.auth.com.apple.account.AppleIDAuthentication.token;43566271-A012-4B8F-83B0-E4AB09175E87;A5c/XWyLY0Ma23XYy4VmNsrrEmUtbYGL2qEgm4yKtHMJ/3HNU3tkLD4cx9LnS36LnOZtVgwACJFIbFbb5DdSszgje/mJTWVgVNusQwPQwv+6tKe0URiG49blsV1kseYQ4JL+dUN0YagsNhQhm8GLyCAvVvrSTS/5rt5xwvLbKGtdNauPJRAVMq6zJ5mibmc3AFfBrATOUQcBT70SyRIR7GHTNkHe
com.apple.gs.pb.auth.com.apple.account.AppleIDAuthentication.token-expiry-date;43566271-A012-4B8F-83B0-E4AB09175E87;464660967.580907
com.apple.account.AppleIDAuthentication.token;43566271-A012-4B8F-83B0-E4AB09175E87;<?xml version="1.0" encoding="UTF-8"?>
<!DOCTYPE plist PUBLIC "-//Apple//DTD PLIST 1.0//EN" "http://www.apple.com/DTDs/PropertyList-1.0.dtd">
<plist version="1.0">
<dict>
	<key>GsIdmsToken</key>
	<string>A5c/XWyLY0Ma23XYy4VmNsrrEmUtbYGL2qEgm4yKtHMJ/3HNU3tkLD4cx9LnS36LnOZtVgwACJFIbFbb5DdSszgje/mJTWVgVNusQwPQwv+6SnAbRiuZOwo5TUWaQKFEQ+RjnqS83cw65sWavD6ash24wC8s+iqBPVR09LBqaxjL3WAmS6OEeHK63LENw3RojxaEL6YVihmoEEXBVPT1Kzb3iHTY</string>
	<key>adsid</key>
	<string>001470-08-31846b11-d8d7-4e0e-b2bc-a6c0c5451b13</string>
	<key>c</key>
	<data>
	OGYzZDFiNDgtM2QxNC00NzUzLWE5MjEtMDliNzJjNWU4NmEyT1RCeEFCMUxsa0RhcFRi
	TXRCb3M5a0RxQ3RRRU84TDRCWGt5b2NXaU50RkpjblVQdmFkQlZvcjkxQ2p0NGtRRk01
	RjBzSUQyQUNnUmhyN0t0ODNsYTZPV21oMUphL2IvRDZqbWNZRFdYdEdzWndDTDV0ZHdv
	ZGVPMHBROVpacHRXRnBI
	</data>
	<key>sk</key>
	<data>
	ZIAKu5QQvIp4yQG3s5XyPvX3X6dB7Fgva7aYuYEUjNY=
	</data>
	<key>u</key>
	<string>254132797@qq.com</string>
</dict>
</plist>

com.apple.account.AppleIDAuthentication.token-expiry-date;43566271-A012-4B8F-83B0-E4AB09175E87;433128567.618940
com.apple.ind.registration;4E184456-29C5-4DF6-B776-2F0AA94C48BD;*{Uep#©ÕH˚≠◊Vô®á⁄
app.yinxiang.com;7556389;app.yinxiang.com_7556389_4110660559882420224.plist
com.meituan.itakeawaycom.flurry.analytics;FlurrySessionTimestampKey;com.meituan.itakeawaycom.flurry.analytics_FlurrySessionTimestampKey_6560618757171970048.plist
com.baidu.navi;account;1
;;1ff7aab2dd5c52b04886dac989db6572
POCO_SERVICE;POCO_UUID;162019A0-AD93-4B03-A7F8-709063FDC237
POCO_SERVICE;POCO_UUID_CHONGYING;20140926013049595609-162019A0-AD93-4B03-A7F8-709063FDC237
POCO_SERVICE;POCO_USEDTIMES;10
;;a3913edd4dc5c909393c3b67f4149297
cb594892a6cb6bef6f65ad0a6e78c11190b2702c;cb594892a6cb6bef6f65ad0a6e78c11190b2702c;YnBsaXN0MDDUAQIDBAUICwxUJHRvcFgkb2JqZWN0c1gkdmVyc2lvblkkYXJjaGl2ZXLRBgdUcm9vdIABogkKVSRudWxsXxARMDI6MDA6MDA6MDA6MDA6MDASAAGGoF8QD05TS2V5ZWRBcmNoaXZlcggRFh8oMjU6PD9FWV4AAAAAAAABAQAAAAAAAAANAAAAAAAAAAAAAAAAAAAAcA==
baiduopenudid;baiduopenudid;baiduopenudid_baiduopenudid_12829629438471700480.plist
baidusdkmacaddress;baidusdkmacaddress;baidusdkmacaddress_baidusdkmacaddress_12901687032509628416.plist
sapi_share_login_model_service;sapi_share_login_model_account;Ì∏v.˜õ≤w√å≈B M±
;;da862f8cd520bddd71597bf033032796
939e768ee54d7270c8a3ca072045bed2f33be74f;;
AirPort;coffee5212;coffee5212
;;abc26e42f09e43bd8e576cec9a936220
cn.sharesdk.udid;cn.sharesdk.udid;cn.sharesdk.udid_cn.sharesdk.udid_4399172411010842624.plist
AirPort;DPXC;0102030405
AirPort;FAST_C14716;!123456!
AirPort;zyd;zyd88888
AirPort;GDS;08916865888
AirPort;majiami3;33339999
tencent.mqq.analytics;rqd.openuuid;003056B8-CF53-4AEF-9C3C-A7145D86BE10
AirPort;Dicos;08916327933
AirPort;DHDMLS-3;LS88888888
AirPort;huyangmenbing;18793738918
com.qunar.qunarclient8;iid;0E0D56E3-70AD-43E7-B323-1DBC2B0888D5
AirPort;Hong Xing 3;lzhxqnls
AirPort;Hong Xing 1;lzhxqnls
com.taobao.taobao4iphone;cntaobaolejiusishu;u_366286751638a631c9bcb8afcdeb0f26
com.codoon.gpscom.flurry.analytics;FlurryAPIKey;com.codoon.gpscom.flurry.analytics_FlurryAPIKey_8794967122301157376.plist
com.codoon.gpscom.flurry.analytics;FlurrySessionTimestampKey;com.codoon.gpscom.flurry.analytics_FlurrySessionTimestampKey_8867024716339085312.plist
com.yum.pizzahut.app.YekuMob;com.yum.pizzahut.app.YekuMob;com.yum.pizzahut.app.YekuMob_com.yum.pizzahut.app.YekuMob_11749328477856202752.plist
weiboUserInfo1885904584;wb_screenName;Èº†Èº†‰∏çÊòØÂ•≥Ê±âÁ∫∏T_T
weiboUserInfo1885904584;wb_user_profileImageURL;http://tp1.sinaimg.cn/1885904584/50/5719852048/0
weiboUserInfo1885904584;userID;254132797@qq.com
weiboUserInfo1885904584;accessGsid;4u5Tfa843cm9tqXJ0TniZ7UBO9q
weiboUserInfo1885904584;accessToken;264c9a5a24a2feaf6a426bf30dad52d7
weiboUserInfo1885904584;accessTokenSecret;92e805f9819b4a08951d77c512607ac3
weiboUserInfo1885904584;oauth2AccessToken;2.00svDdDCv1Vc_G49aa15ee0acfftGC
weiboUserInfo1885904584;oauth2AccessTokenExpiresIn;1426532401.661872
weiboUserInfo1885904584;oauth2AccessTokenIssueDate;1423848414.000000
com.qq.xg.sdk.token;com.qq.xg.sdk.token;com.qq.xg.sdk.token_com.qq.xg.sdk.token_4399735360964263936.plist
com.nike.nikeplus-gps;iPhone6,2;C833C748-95B2-44FB-A4F6-702ACE3C615D
com.nike.nikeplus-gps;ufiuGiTFTTaK5aE_fy9D2w;dKiKo6OFTAW8qPjW3NvP_w
tencent.mqq.analytics;rqd.openuuid;FCCBFFEF-4947-4C0A-ACB6-053BD34DAE3D
AirPort;3;11111111
AirPort;xtbg;12345678
AirPort;liwitch;123456788
com.letv.iphone.clientcom.flurry.analytics;FlurryAPIKey;com.letv.iphone.clientcom.flurry.analytics_FlurryAPIKey_3751498489599623168.plist
com.letv.iphone.clientcom.flurry.analytics;FlurrySessionTimestampKey;com.letv.iphone.clientcom.flurry.analytics_FlurrySessionTimestampKey_3823556083637551104.plist
ZHUniqueUUIDServiceName;ZHUniqueUUIDAccountName;0CBF14CA-881C-4596-AD03-52E72A07B007
com.taofang.iphone;WB_KeyChain_Device_IMEI;0f607264fc6318a92b9e13c65db7cd3c
58keychainServiceName;58keychainOpenUdid;58571697a371f951c00b9d5fdc58fa8759bd9b56
com.taofang.iphone;WB_Device_Id;c55e64e87a5206446c188ac41e3045730c7f90bc
;;71493daab5a5725edfecb4ac05b51e29
baiduopenudid;baiduopenudid;baiduopenudid_baiduopenudid_6489687063040884736.plist
punchbox;pbpunchboxuuid;AF30C70A-1B2B-4F3D-B37D-EB6F593B6052
com.tendcloud.udid;com.tendcloud.udid;com.tendcloud.udid_com.tendcloud.udid_7498493379571875840.plist
d4e54f36d1cdfef77e8332c32cd1a04bede1897b;d4e54f36d1cdfef77e8332c32cd1a04bede1897b;YnBsaXN0MDDUAQIDBAUICwxUJHRvcFgkb2JqZWN0c1gkdmVyc2lvblkkYXJjaGl2ZXLRBgdUcm9vdIABogkKVSRudWxsXxAoMzk4Y2U4OWZlMjdlZjUwY2ZmOGYyZGFhZDkwZTI3ZWRjODUwNzZmYhIAAYagXxAPTlNLZXllZEFyY2hpdmVyCBEWHygyNTo8P0VwdQAAAAAAAAEBAAAAAAAAAA0AAAAAAAAAAAAAAAAAAACH
com.tendcloud.udid;com.tendcloud.udid;com.tendcloud.udid_com.tendcloud.udid_11533718645695840256.plist
imgotv.iphone.version.2.0;imgotv.iphone.version.2.0;imgotv.iphone.version.2.0_imgotv.iphone.version.2.0_12902812932416471040.plist
com.douban.group;com.douban.common.account_manager.info;com.douban.group_com.douban.common.account_manager.info_4785074604081152.plist
<?xml version="1.0" encoding="UTF-8"?>
<!DOCTYPE plist PUBLIC "-//Apple//DTD PLIST 1.0//EN" "http://www.apple.com/DTDs/PropertyList-1.0.dtd">
<plist version="1.0">
<dict>
	<key>c</key>
	<data>
	1fGvLGmfFuGLkdURtimaL0/pMQOFG44oPippDg/z2KY=
	</data>
</dict>
</plist>
;;
com.douban.doubanmovie;DOUSharedUDID;19a5abf98e2259ed5e59de63f3c6e76b25091ac8
AirPort;A Wifi;
metronome.real.freecom.flurry.analytics;FlurryAPIKey;metronome.real.freecom.flurry.analytics_FlurryAPIKey_3823837558614261760.plist
metronome.real.freecom.flurry.analytics;FlurrySessionTimestampKey;metronome.real.freecom.flurry.analytics_FlurrySessionTimestampKey_3895895152652189696.plist
sec_sdk_shared;password;m_2VZz61ksgLRaknvIbZ0ygIp1Ujf0UHTMHIasiotPTh4QrXKdgGYITvjLqylZ5AFH_f0yN2UD1TEQLqRl6chBIyG4JDplPNP_q_XBOFQD8g2NC_hpepVHWM8pme3imk
cn.sharesdk.udid;cn.sharesdk.udid;cn.sharesdk.udid_cn.sharesdk.udid_6273795755903811584.plist
MZDQNTKey;26865169;pbQGkw1unMqloarm3lNJQHbEkWwo8LNl
MZDLockScreenPasscode;26865169;
chaoui.jiongji100CN.usernamepassword;chaoui.jiongji100CN.usernamepassword;chaoui.jiongji100CN.usernamepassword_chaoui.jiongji100CN.usernamepassword_12831036813355253760.plist
com.nxmix.xmas;iPhone6,2;82311D98-64C3-4DB8-80A7-D3A97E106B97
com.nxmix.xmas;j6GkpjE2QAqn4wZS1rA1Ag;l8rZLD85SYiFkjz5mjEH1Q
com.ncweibo;com.ncweibo;2.00svDdDCx9UQnB0b7f4617fcRqOETE
com.alipay.alisecx.localstorage.G0qoiq-qnvodakfa;com.alipay.alisecx.deviceid_AES_SEED;SgA2FKETj/RtQ4ybckhq+6c+CE6OllHYJ2VMwt+GzjoCpLva4UI/bdd+iNP+chTv
com.alipay.alisecx.localstorage.G0qoiq-qnvodakfa;com.alipay.secclimobile.iosfp.com.alipay.alisecx.deviceid;+c6i4AI+ap6JQR5gqDD7TvJuJmqan7Yqt/BAiO+HcN0DJ2Sd/qdWapnTsGMeEq2N
cn.sharesdk.udid;cn.sharesdk.udid;cn.sharesdk.udid_cn.sharesdk.udid_2887370311097909248.plist
com.tendcloud.udid;com.tendcloud.udid;com.tendcloud.udid_com.tendcloud.udid_2959427905135837184.plist
cn.mafengwo.voiceguideall.keychain_token;defaultUser;0|&|a2f34bdb3e13d6fce3abe64f7066705c|&|0_fa7b70dc20119097757b9f7c7925bf63
lua_signature;mafengwo_lua;e410950fb5cba4fb4070525211dd06f4
YKKeyChainService_6889543b6cb5e0f07ceac7ee524313b6_Vendor;YKAdmin_6889543b6cb5e0f07ceac7ee524313b6;EEC1585B-26C5-4445-AB1B-4D51946579B2
;com.passport.queryTeamIdentifier;
baiduopenudid;baiduopenudid;baiduopenudid_baiduopenudid_6706422795108089856.plist
baidusdkmacaddress;baidusdkmacaddress;baidusdkmacaddress_baidusdkmacaddress_8363747457980432384.plist
AirPort;HanFuGong;hfg123456
;bundleSeedID;
com.youku.mobile.YKAnalytics.rguid;rguid;36a9f130c53967ef4cb37578b98e75fb
;;e0f9aae61556fb29ce982206a3f83f7f
com.taobao.tmall;cntaobaolejiusishu;u_366286751638a631c9bcb8afcdeb0f26
com.shanbay.common.account;shinepy;zzx18393270
com.tendcloud.udid;com.tendcloud.udid;com.tendcloud.udid_com.tendcloud.udid_8219913744881287168.plist
AirPort;NOKIA Nokia 820_8433;giveyoumylove
AirPort;000000000;00000000
AirPort;zzx;zzxzzxzzx
AirPort;H5-FREE-Wireless;h5wififree
AirPort;KP_MALL;kpi11111
AirPort;test1;
AirPort;WiFi490;tuojiewifi
tencent.mqq.analytics;rqd.uuid;BA55DC80-033A-447D-A429-394586652F84
com.zhihu.iris;ZHKeychainAccountAccessToken;AAAAE-osAAALAAAAXYPtVAAAABPqLAAACwAAAGACVU1dg-1UcR5UwYdBcZsYQA-FwsASTzl1l-0z7YSZyp-uV8UnEtun6ERZ9CBYiA==
com.zhihu.iris;ZHKeychainAccountRefreshToken;00c0008342668907d6eba7fc
com.zhihu.iris;ZHKeychainAccountCookie;2|1:0|10:1422259805|4:q_c0|68:ZTY4NzEyMTQ2YWU5ZmE5YmU5YTY2NzgzZGI0NmRlYzl8VmRwU2RLNXlaN3dtZERuRw==|9b122a9ccbcb665886333b3353202f646815b5d35e2c250a41f1a1f6d697db8e
baidusdkmacaddress;baidusdkmacaddress;baidusdkmacaddress_baidusdkmacaddress_2167638795648761856.plist
com.youku.mobile.YKAnalytics.rguid;rguid;146cec900e4c182c91c33ce6c9dd4d37
AirPort;ROC;zhangpeng$
com.zdworks.ios.zdclockcom.flurry.analytics;FlurryAPIKey;com.zdworks.ios.zdclockcom.flurry.analytics_FlurryAPIKey_2744099547952185344.plist
tencent.mqq.analytics;rqd.uuid;439C91E6-C6C0-4045-9F06-86BAC2B8EBC6
com.changba.paykey;68560021;CC17097F-8772-4C53-B0AB-B58450F42986
sapi_share_login_action_info_service;sapi_share_login_action_info_account;w¿ÅIkv:ß\>ÛAøÛUïÑ
YÅÇ_Ë⁄*∫{8ÙéR≈ÄWﬂ’KÈ∞∞7´∑@Ûi_íf¢KTº+XRë˜=Béﬁ008yQF¯ÁƒWS<ä …†¨h2k0[=ÍöÑìúì”Zœa{°|ˇﬁàz‰È’ä∫/Ô†¥È≈È7Ã-è’üêﬁñyÃîz«&…Ù%¶<◊Ôóå:{V÷H“ür“r+‰˘∂kõ5=i‘ÿ4ßJø£„E¥⁄Ò¬…Å{éµD*≤âD˘ßJ,%€⁄jîík∆Pü∆¢T\j±˜ødrM‹)¬¯(Ç!Í®VeIUœà#ç¶NÆ0òÇßíŒ@ËÂQ)¨„ÕJF£œ~ùbpF8ˆ‡Ø¸ÑOr-CCrûœ"‚ü‡»[ÄÿF¯¬  Rå„êÖÒ"ÒÃöV»EÛt8âƒ{˘@ú5ûÑÏáÊ™«õÖ]˝–eµN»≈ÌîÇÈ⁄ÙÊÓä)ó€h_@∫B∏6SYπÌÃ{Ç—?ß"dï‚≤ñ∞˙Ÿby"é]í£‘iæ”î≠ë«,‡Ãn†ò/\GÀœ*+àô*Ù8œ’¢å¡±ú4ºìå[ŒÊæŸ∞§4√jG…Zâ4z°@ËºuA°ÊYÜ±ﬁi‹€û°fñ˘9›xLËYöôz&s”—EËù®(…Œ-Œ;û·ˆ,urQ“Å\tR±/T–∞R‰õí,‡n‹⁄Áö:£∫^£âMØò[/|€ï≤*!Ü ÕC¡ãIÕ¥˝)8)∫ëãŸÍ˚9:!“Ó9£◊Ω8bQp\ÒãkØj6‘´ï8e£Ëh…înô‘◊ºìd¡M‰ª5n]-◊ü*´}Ø‡˜äaãñp!‚èÔQH†Eü¶6g±,äõª¶#u”yÀìrÓs∂?ÄºV3ƒ∏VÌüÇ∑Á∞BÏ≈Ûï˘|vÛÀöw´®.®q%y‘±mâ jùˆ^ùD¿zÿ‘[ø`>À§{!Eì«ÁEŸ∂öè¢ﬂp·!ê;ºSz†
ovíÚÖ8p•Ñªã!S¥ÂSÇm∫\ò]»n®ù˛ö≥Ä÷ãU[©%uÆ“∂çâº4‹êS”«ÁWnÇU◊≤›˝KÙnûS2@vÃvÑrã<`J8px:ãæ∫ˆ§∑â\`˚èµ∫'É*®Ò-“CÕ˛M	§®aÚµ(w„¸Ü[†]›f„êN÷∏MGìFábVÊ5ÑÚÒ‹)≤7òXÜu'ôë7¥ó±íQ]i‹¨R©˙7Y£K__$∑©M∑ë§◊uµ2pj_’Ã:ÓÈ"‘]l›&ÙÛµY§9JqR@Ó˚§å_wá‘ÂÑ·˝	:ïO¯ˇÙ‡˛i%ò∫·W®2
Kë;£#&ù…d·«ÏË¿-H∞ Î¿º‡ Ø1X‰(§xX[mÁ¡€’J∆0èö¢ Kbπ…æsY;öãªﬂdπcG•gaÑ«¶¡`¬F˚
¢?œ%€9ˆPE5ßS;1∑h;ÖYÕ|Áí9Á∑˘o}SsJ;<ænFwÊÁ8‰sûØΩÓ?…õCÛ√Håz@–Á¸N…|Sh%˛ƒÊwHïˇØ
À9æä∞G}¨Ü@÷Ø§?>¶ N
…VéÆ)b◊⁄n=⁄¯‰Abå0‡6d†Ö‹r~£¡uÖ
t:í·ƒÆN™1:9¯™Æ∆—Äë˘U °ôQ‹‡„˘0t“ò=Ωñ“Bﬂ<òÑXYvë Ωæñgç*A@~Î+WØÕO^à'4ö∂‹ª›*fÊL0ÿ»ØÓv4€›âf[}ΩL©La8ÛEÑíÜ‚æçZeç∞=Ù#eç¯îiß¨tE2óﬂS}ìÊ0”∆7qÛ ˙ı∫Fò&ÛÆ˝ˆ`®ì`Y*©är¶\—&M£©∑„ôköÂ¬Á{®UÚP5yÖu#EAUäÀ´¯ÎŸÖì◊©è	EÌ.Ó~:u®ﬂAÜ&V¥‚Zç—ìªŸFqbÂOOôuÌâåt0Â„l¸’)1ˇ‚B1Üœ "cêÁc$I0ÅE)’≈¶.tVëÔÌpMT˝ãˇ‚4∏àQG{¸˘¥¥Oó™$dŸ7|Zeƒ˘‘™jç$‰±æòk4a©Ωê≠Ë(ö¨∏rç¢ÉgW}Meô,dæ∏©≤+w÷Å∆‹}?hÓë∞CCÓOd7FµO…›ÕÌ:=ÈÑ’Õò:¨N∫GÊäëgcÆı“B7õÔn

çdÚ√¬ªê•ú07È¿˛â™ö$qA¿fp•Çôx€0®<Tiöea†`ﬂûb—ëÙÂß
jÅ‹çQë›˙0Y&◊0Ú/òs~ãÃ«G˘÷Üd≈Q^©ﬁ>òANÓF|ç!Qô	ó à∑ d)È9°a–m^iΩ}™)¬àﬁV∞ˆ√û¶îÏa≠ËÔéÈœã¡…ﬂõ»9ó<.ã“+BF9»äÆ
±Ô‹õk∫¡ü\ﬂﬂ®»]√ıdâ⁄ifaã8ﬁ/÷∞◊D≠ﬁúÑlXÍƒú5Q·7z¿e
sapi_share_login_model_service;sapi_share_login_model_account;wŒÇ;jÂGØÚË1À§\ ∂DKÌ0ÀV&Ò:∂[úòRå‘*|˘gÊnã©u™xõ¸uE\p=d’-…:ÆÀÎB´«‡ÀN¬T≈´ﬂΩ¸‘(jCà˘ºX∂.}S¶2Î{ﬂﬁêÌ∆Í3∑`#`£;Oì5aÊkJ⁄^∂í\ó€0º`„‹Çy›∞íág,≤*…c¸‡1Ω´ÙM±!I2œÀuåƒ
Ê∫ÎeEó¥ïòùÒ´¸¸hù”U€ØT1Ω“∑"gmÚm∞fÊ±‡p8âÂï∫D∞…≈≥¡á£ˆNÑÒ¶¬ıÄ¢—Î·ÜH^©Z¬ä8—'‰Æ<q≤ü=#ÒπÂÀ¢Zo≤ø4q-˝Û¨˚ºM∂D™!qæjµ%&x¿T;Òd^q¨…›QJso‡BW˜z/[ØæODSl‚á#~”åñä◊â¢íA-„Nö©”A˙LCåw£®\ªF#©¯ıÅãRgù0I¿(ãm>"B)”EPˆ"rﬂﬁÅπÕ∏´‘Écb´‹	’Bî·"{(H§SÈÀ
ôÚ{‹w˙r¬≤®a∂WMπ‹ãN•éoúé∫°¬HòÓGt,KekΩKÚ¥˝2Xè<⁄è˘ÓŸ@XcùQñ‘ÿ´€˚vã µÙwï◊ÿ8wÍ!o·¢–:É~P»y[u8`ÛUbˆÊ	EcUI0<∂]¸b¿	YL?êπﬂHΩ5’•°s{Ë‰+Ü,ÙÍÈ‘∆∂™0AÓ z˘:\-Å3'!rN»˙èêåR1®¿wË'/&g⁄]G2©=Î¡k0ÆÅ2[Bã∆u_p
/¥¶Ko—±) §◊Á∫ÈJ∏ó=“J‹.™^äE„·õÛ≠˚kzÂ€`iÜMB^å	˙ùË7b\Q^?≈Ô¡\º.â9}%/∂q[Úy¨^›ì\ÚY¬≥ÿü∆â∑>‰&0ê)]˘`±Õ ^cc ü·d˘7¡√˜Ì™a‡—äö´†$Àû?ÑGvfÔ"h3ÃÒñj{≥Y∂Ò(NM7¯ä6∞pÄ¿íSËø5Y
Ä	È(.<%~á$˚MÉyØo˝∆úÌıyÖ›Ñï¯Bä3©óØQØ1”Dó≠ê5()äh3°∞N—©æ&ﬂíP·¬°´⁄Î∂™I!)ˇw∂dÆ{1dº3bøb}L˚—™·œz9û
ÌæºQæz#™Ã¶Ø`I+∑]zÃ4 £Éõèäªıp¡KÙ›Éh¡≈öpÛ‘±ÊøïïÉr≥h%È4™9V≠¥0¸ 	ÔÖAa¨rz5Ë5Ws6•‚ﬁ%ÄWÆ£:Zõâßl¨Myµ|ç˚®…Fædx’YÈ‡ô,≥“èˆ8mªG8*OdøtõÎ}≥V~•#|Dø˙”ÜKÓ¥vcŸsëú,K—§±ÑÒ	õ	»|Õb6ˆ∫—ÏP∫?Ñ‹yŸ-Éí^ *G9ó˘ãÅÁ£“‡]@-ñdP¥[ıwöñÏ¶µ˙Ï‡ÿ oÑπî;eöqé^4ëÑ.LQNâ∫^ØA√ı[›’ñπG*©C	äØƒËœ°C‚ƒs◊ÏB6ÊB`˛°∂ÔoÌmÛ◊j;∑(3®Ö·	Õ?j≥E;W‰^	îÕÚ∆øœ—ŒB~aüä÷Ë6ÄgK˝—Ëôa,‡ &<Ìüë¬cLU†.9+¿£=Ò"¬ŸÂÃ¥Sﬁ'œ|ÂÈÓ¯Wø[ êØ”Ñ°Ûm-˘¸V:Qú¸Ù?‘◊-P£ˇ-LX6®Å!∆Qp3Z.Ø+ÅO¯ö3>ó‰a6G˚≤≈d∂>ÂxeS∞f„gæ›êäúÑçôNt&úr±"§{JJ€(ÊUJÉ©S≥¬™Ë¬!kVÈN!Û˜™ÿ€„˜r¿¨—˘Nóå≤j˜mÕﬂΩd™√M8"(ØP·õ+üêl.çxOÃ®;≈MÙ”O èq˚é≠§§‚⁄«ÌrJE’EïEp•¢4å7‹îä©à2#»éBWQTÂ‘iœJO‚©π¯ÕÂsSE–π˜¯„jµÄòu 7Ô\p:¨ê|∞µ•N›
sapi_silence_login_model_service;sapi_silence_login_model_account;ˆ:≈∂¡hòÆM>$î!Eia?F•ÍøL—'ªÙ˚õ˝´ìK"`Yz∏é’u8q6WCaE±ˇÅ
ÀmÿIÙ §‰Wª‹ëUµc20Nœ∫;]qΩ±éº®“W‰Æ»FòX
eõÄ∞ó”éûãÑ±»db¢ÙÕ@f˛&«•<ä»ÿ”/f>^“…©}@◊}§7IXq˛Ì±|8 ´æM√]£R¬HÕﬁ¸¬L3s∆xˆŒ[{Ù˚@Y@áÃÜHˆ›4é6r5°R„Ô©‹ˆÜF ÎI_-⁄aUr‚úò—YπKSÛ0nlÇls∆K√©^Œ8é¸HŒÇA∏ã$UêBÜ‹Qùa\Ùh!]ˆÖC_œç ¶Ã.à2cy]<d}”\∆◊Øo2ã˙˜V‰Â≥˚K∫&∞˝òfƒ≥]9"é›— ÉÓµsåx)˚ÿîT¸2WÓ‚£Sìu…ÉH0«´ïüúj∆p˚x¶x~Cæã-Œˆ1 Âî5Ï|àéo5ËG%Õﬂ8	≈9x8Z I‘=Ö¨ÎTJ˛Î˙C†JG îÆwïBì‰oï(ñ‡"$^J˙xÍX∑&úﬁ¯ÿÖm£‰>≤õÊ õvû˚Qj[,\≥Ü<¯c
Å≠-3…j d	-å3~ıg^\7æbpsëª3Êß)¡û
;OneTheStore;_OneTheStore_10886607674238042112.plist
<?xml version="1.0" encoding="UTF-8"?>
<!DOCTYPE plist PUBLIC "-//Apple//DTD PLIST 1.0//EN" "http://www.apple.com/DTDs/PropertyList-1.0.dtd">
<plist version="1.0">
<dict>
	<key>a</key>
	<data>
	YzE5NzY0MjkzNjliZmUwNjNlZDhiMzQwOWRiN2M3ZTdkODcxOTZkOQ==
	</data>
</dict>
</plist>
;;
<?xml version="1.0" encoding="UTF-8"?>
<!DOCTYPE plist PUBLIC "-//Apple//DTD PLIST 1.0//EN" "http://www.apple.com/DTDs/PropertyList-1.0.dtd">
<plist version="1.0">
<dict>
	<key>DSC</key>
	<integer>1</integer>
	<key>IDX</key>
	<data>
	ODI=
	</data>
	<key>NK</key>
	<data>
	bGVqaXVzaXNodQ==
	</data>
	<key>uid</key>
	<string>136900037</string>
</dict>
</plist>
;;
trip_device_info;mtop_device_id;
trip_device_info;agoo_push_key;
trip_device_info;agoo_app_ver;
com.tencent.mqq.tenpay;TENPAY_UDID;13C05F6054F50786F7672058F542D87D30AAE0F4BBFA863053F63B5C0BDEB0442C9627FB1B9BCA92
AirPort;citihome-hotel;4008899511
AirPort;ChinaNet-203;88888888
com.zhihu.iris;ZHKeychainAccountCurrentLoggedInUser;{
    "answer_count" = 0;
    "ask_about_count" = 0;
    "avatar_url" = "http://pic3.zhimg.com/da8e974dc_s.jpg";
    business =     {
        "avatar_url" = "http://pic4.zhimg.com/628246e04_s.jpg";
        excerpt = "";
        id = 19958548;
        introduction = "";
        name = "";
        type = topic;
        url = "https://api.zhihu.com/topics/19958548";
    };
    "columns_count" = 0;
    description = "";
    "draft_count" = 0;
    email = "254132797@qq.com";
    "favorite_count" = 1;
    "favorited_count" = 0;
    "follower_count" = 1;
    "following_collection_count" = 64;
    "following_columns_count" = 11;
    "following_count" = 49;
    "following_question_count" = 50;
    "following_topic_count" = 44;
    gender = 0;
    "has_daily_recommend_permission" = 0;
    headline = "";
    id = e68712146ae9fa9be9a66783db46dec9;
    "is_active" = 1;
    name = "\U9f20\U9f20\U9f20\U9f20";
    "qq_weibo_name" = "";
    "qq_weibo_url" = "";
    "question_count" = 0;
    "shared_count" = 0;
    "sina_weibo_name" = "\U9f20\U9f20\U4e0d\U662f\U5973\U6c49\U7eb8T_T";
    "sina_weibo_url" = "http://weibo.cn/u/1885904584";
    "thanked_count" = 0;
    type = people;
    url = "https://api.zhihu.com/people/e68712146ae9fa9be9a66783db46dec9";
    "voteup_count" = 0;
}
com.tencent.mqq.tenpay;lastestSelectCard_254132797;A14E9E8C786638B25BC12D3FFE9935CA5EB34A4B79F697889557F67EBCFEF61825CDC80CFC4F3BAD0621A9E23F8CA9099E8BAE83ADD569F6
com.changba.currentUser;currentuser;{"account_original":"1885904584","email":"lejiusishu@changba.com","agetag":"90Âêé","memberlevel":"","valid":1,"accesstoken2":"B04189B0C69730153F7E1E7E56FD8346","level":"1","userlevel":{"pop":-1,"starLevel":0,"starRank":"10‰∏áÂêç‰ª•Â§ñ","cost":-1,"nextStarLevel":0,"nextRichLevel":0,"richRank":"10‰∏áÂêç‰ª•Â§ñ","richLevelName":"","partCost":-1,"richLevel":0,"starLevelName":"","userid":"0"},"fansnum":0,"access_token":"2.00svDdDCPqdB_B60b2f895928wzULD","background":"","viptitle":"","ismember":0,"birthday":"1994-11-01","friendsnum":0,"district":"","astro":"Â§©ËùéÂ∫ß","location":" ","account_type":"Êñ∞Êµ™ÂæÆÂçö","accountid2":"7319AEC03FB8CC7C763006EFC8824AB6","signature":"","score":0,"latitude":"0","token":"Tac9277b99c39b32","accounttype3":"ÊúÄÊ∑ò","city":"Âçó‰∫¨","memberid":"135922669","userid":"68560021","headphoto":"http://aliimg.changba.com/cache/photo/315641972.jpg","province":"Ê±üËãè","homeurl":"http://changba.com/u/135922669","accesstoken3":"","accountid":"lejiusishu","gender":"0","title":"","phone":"false","accountid3":"","vip":0,"nickname":"Èº†Èº†‰∫îÈü≥‰∏çÂÖ®","accounttype2":"ËÖæËÆØÂæÆÂçö","longitude":"0"}
xgpush.com.qq.xg.sdk.token;xgpush.com.qq.xg.sdk.token;xgpush.com.qq.xg.sdk.token_xgpush.com.qq.xg.sdk.token_6059030348673581056.plist
com.mycompany.myAppServiceName;passUpFlag;2
com.mycompany.myAppServiceName;passUpMessage;
com.mycompany.myAppServiceName;msgIndex;
com.mycompany.myAppServiceName;timeStr;
com.mycompany.myAppServiceName;num;
com.mycompany.myAppServiceName;tip;
com.mycompany.myAppServiceName;needFlag;
com.mycompany.myAppServiceName;smsFlowNo;
com.mycompany.myAppServiceName;SECCONTROL;
com.mycompany.myAppServiceName;SECMSG;
com.mycompany.myAppServiceName;verifyType;C
com.mycompany.myAppServiceName;ukeyStatus;
com.mycompany.myAppServiceName;ukeyNo;
com.mycompany.myAppServiceName;ukeyCertNo;
com.mycompany.myAppServiceName;ukeyUpdateDate;
com.mycompany.myAppServiceName;ukeyExpireDate;
baiduopenudid;baiduopenudid;baiduopenudid_baiduopenudid_11463349901518176256.plist
baidusdkmacaddress;baidusdkmacaddress;baidusdkmacaddress_baidusdkmacaddress_11535407495556104192.plist
GX_LSsq1EO6XhAVOeLLB5m2c7_SDK_Service;__gxsdk_reserved_key7__;I-EA97FA2E99E446C693B75D331C0B98FC-1425004026906
GX_LSsq1EO6XhAVOeLLB5m2c7_SDK_Service;__gxsdk_reserved_key3__;835982059775761553
AirPort;12345678;11111111
com.taobao.taobao4iphone;kUserDefaultKeyLoginToken;u_366286751638a631c9bcb8afcdeb0f26
com.apple.iAdIDRecords;kADiAdIDStorageKey;com.apple.iAdIDRecords_kADiAdIDStorageKey_15570632761680068608.plist
weibo_service;current_user_id;1885904584
weibo_service;current_user_nick;Èº†Èº†‰∏çÊòØÂ•≥Ê±âÁ∫∏T_T
weibo_service;current_user_profileImageURL;http://tp1.sinaimg.cn/1885904584/50/5719852048/0
com.tencent.xin.authinfo;com.tencent.xin.authinfo;com.tencent.xin.authinfo_com.tencent.xin.authinfo_16147093513983492096.plist
com.alipay.se;xjump;46D8AFC6-41B4-48AF-B032-FAE3B0236E77
BackupAgent;BackupPassword;1
Internet passwords;;
exception